id_cliente,titulo_libro,autor_libro,categoria,calificacion
guillexus,1984,George Orwell,Ciencia Ficcion,10
Yeu,"¡Adiós, Cordera!",Leooldo Alas,Cuento,10
pabs,100 años de soledad ,Gabriel Garcia,Realismo mágico,8
ferA99,1Q84,Murakami,Novela,9
MarceCL,Amor en tiempos de Colera,Gabriel Garcia,Novela,3
kikin01,Anna Karenina,Leon Tolstoi,Novela Realista,8
kikin01,Bajo la rueda ,Hermann Hesse,Novela,10
kikin01,Crimen y castigo,Flodor Dostyyevski,Novela,3
pabs,Crónicas marcianas,Ray Bradbury,Ciencia Ficcion,8
Dafelicioso,Do androids dream of electric sheep?,Philip Dick,Ciencia Ficcion,7
pabs,Doña Perfecta,Benito Perez,Novela,8
Yeu,Drácula,Bram Stoker,Novela,10
MrBruce,Dune,Frank Herbert,Novela,8
Dafelicioso,El Aleph,Jorge Luis Borges,Ciencia Ficcion,5
OctaH,El asesinato de pitágoras,Marcos Chicot,Cuento,10
ferA99,El coronel no tiene quien le escriba,Gabriel Garcia,Thriller histórico,5
MrBruce,El Lobo Estepario,Hermann Hesse,Novela,9
MarceCL,El perfume,Patrick Süskind,Novela,10
laz38,El Periquillo de Sarniento,Lizardi,Novela,10
OctaH,El principito,Saint Euxpery,Novela,10
oguh,El psicoanalista,John Katzenbach,Cuento,6
guillexus,El señor de las moscas,Willian Golding,Thriller,10
lucluc,El Tapiz Amarillo,Charlotte Perkins Gilman,Novela,3
MarceCL,Enders Game,Orson,Cuento,2
lucluc,"Erecciones, eyaculaciones, exhibiciones",Charles Bukowski,Novela,3
ferA99,Exhalation,Ted Chiang,Cuento,10
LaCams12,Farenheit 451,Ray Bradbury,Cuento,3
lucluc,Fenomenología del espíritu,Hegel ,Ficción Distópica,2
ferS00,Ficciones,Jorge Luis Borges,Ensayo,10
oguh,Física de lo imposible,Michio Kaku,Cuento,1
pabs,Hábitos Atómicos,James Clear,Divulgación,10
pabs,Harry Potter,J. K. Rowling,Autoayuda,9
MrBruce,Historia de Dos Ciudades,Charles Dickens,Fantasia,1
LaCams12,I Shall Seal the Heavens,Anonimo,Xianxia,10
edgy,La cancion de Aquiles,Madeline Miller,Novela,4
MrBruce,La casa de Bernarda Alba,Garcia Lorca,Teatro,10
Yeu,La Dama de las Camelias,Alexandre Dumas,Tragedia,8
edgy,La Gitanilla,Miguel de Cervantes,Novela,10
lucluc,La guerra de los mundos,H. G. Wells,Ciencia Ficcion,3
oguh,La Historia del Rey Transparente,Rosa Montero,Novela,7
edu18,La insoportable levedad del ser,Milan Kundera,Novela,10
pabs,La maquina del tiempo,H. G. Wells,Ciencia Ficcion,10
edgy,La metamorfosis,Franz Kakfa,Cuento,7
Yeu,La semana de colores,Elena Garro,Cuento,10
laz38,La Sombra del Viento,Carlos Ruiz Zafon,Misterio,10
Yeu,Lazarillo de Tormes,Anonimo,Novela,8
kikin01,Los Hermanos Karamazov,Dostoyevski,Novela Filosófica,9
Alex_27,Los Recuerdos del Porvenir,Elena Garro,Realismo mágico,4
guillexus,Modern Quantum Mechanics,Sakurai,Académico,3
Yeu,Neverwhere,Neil Gaiman,Fantasia Oscura,10
pabs,On the road,Jack Kerouac,Novela,10
ferA99,One Shot,Lee Child,Suspenso,2
lucluc,Othello,William Shakespeare,Teatro,10
kikin01,Pedro Paramo,Juan Rulfo,Novela,9
pabs,Pride and Prejudice,Jane Austen,Novela,4
Yeu,Quantum Mechanics: Non-Relativistic Theory,,Académico,10
MrBruce,Rayuela,Julio Cortazar,Novela,3
Dafelicioso,Ser y tiempo,Martin Heidegger,Ensayo,8
OctaH,Siddharta,Hermann Hesse,Novela ,1
edgy,Solo quedó nuestra historia,Adam Silvera,Académico,8
Yeu,Spivak-Calulus,Spivak,Novela,10
oguh,Temporada de Huracanes,Fernanda Melchor,Realismo mágico,4
kikin01,Testimonios sobre Mariana,Elena Garro,Novela,10
edu18,The catcher in the rye,Salinger,Académico,10
MarceCL,The Classical Theory of Fields,Landau,Cuento,9
guillexus,The fall of the house of usher,Edgar Allan Poe,Ficción Distópica,10
edgy,The Handmaid's Tale,Margaret Artwood,Novela,8
MrBruce,The Lord of the Rings The Fellowship of the Ring,Tolkien,Fantasia,10
ferA99,The Lord of the Rings The Return of the King,Tolkien,Fantasia,2
MrBruce,The Lord of the Rings The Two Towers,Tolkien,Fantasia,10
laz38,The masque of the red death,Edgar Allan Poe,Cuento,4
LaCams12,The Physician,Noah Gordon,Novela,9
kikin01,The Pillars of the Earth,Ken Follett,Novela ,1
Yeu,The Second Coming of Gluttony,Ro Yu-jin,Wuxia,9
Arielin98,The Sirens of Titan,Kurt Vonnegut,Ciencia Ficcion,4
Alex_27,The tell-tale heart,Edgar Allan Poe,Cuento,4
LaCams12,To Kill A Mockingbird,Harper Lee,Ficción Doméstica,9
guillexus,Travesuras de la niña mala,Mario Vargas,Novela,1
lucluc,Ulises,James Joyce,Novela,8
Alex_27,Un hogar solido ,Elena Garro,Teatro,2
oguh,Un mundo feliz,Aldous Huxley,Ciencia Ficcion,6
oguh,Una educación,Tara Westlover,Autobiografía,8
Yeu,Valis,K. Dick,Ciencia Ficcion,8
oguh,1984,George Orwell,Ciencia Ficcion,1
MrBruce,"¡Adiós, Cordera!",Leooldo Alas,Cuento,10
edu18,100 años de soledad ,Gabriel Garcia,Realismo mágico,4
Alex_27,1Q84,Murakami,Novela,7
MrBruce,Amor en tiempos de Colera,Gabriel Garcia,Novela,9
oguh,Anna Karenina,Leon Tolstoi,Novela Realista,1
Yeu,Bajo la rueda ,Hermann Hesse,Novela,10
ferA99,Crimen y castigo,Flodor Dostyyevski,Novela,10
Dafelicioso,Crónicas marcianas,Ray Bradbury,Ciencia Ficcion,3
kikin01,Do androids dream of electric sheep?,Philip Dick,Ciencia Ficcion,8
MarceCL,Doña Perfecta,Benito Perez,Novela,8
laz38,Drácula,Bram Stoker,Novela,9
edgy,Dune,Frank Herbert,Novela,7
kikin01,El Aleph,Jorge Luis Borges,Ciencia Ficcion,10
pabs,El asesinato de pitágoras,Marcos Chicot,Cuento,9
MarceCL,El coronel no tiene quien le escriba,Gabriel Garcia,Thriller histórico,8
ferS00,El Lobo Estepario,Hermann Hesse,Novela,10
pabs,El perfume,Patrick Süskind,Novela,9
guillexus,El Periquillo de Sarniento,Lizardi,Novela,4
kikin01,El principito,Saint Euxpery,Novela,6
Yeu,El psicoanalista,John Katzenbach,Cuento,10
oguh,El señor de las moscas,Willian Golding,Thriller,2
Arielin98,Enders Game,Orson,Novela,10
MarceCL,"Erecciones, eyaculaciones, exhibiciones",Charles Bukowski,Cuento,10
MrBruce,Exhalation,Ted Chiang,Novela,5
guillexus,Farenheit 451,Ray Bradbury,Cuento,3
Yeu,Fenomenología del espíritu,Hegel ,Cuento,10
Arielin98,Física de lo imposible,Michio Kaku,Ficción Distópica,10
kikin01,Hábitos Atómicos,James Clear,Ensayo,1
kikin01,Harry Potter,J. K. Rowling,Cuento,8
edgy,Historia de Dos Ciudades,Charles Dickens,Divulgación,4
Dafelicioso,I Shall Seal the Heavens,Anonimo,Autoayuda,10
Alex_27,La cancion de Aquiles,Madeline Miller,Fantasia,9
laz38,La casa de Bernarda Alba,Garcia Lorca,Xianxia,8
MarceCL,La Dama de las Camelias,Alexandre Dumas,Novela,2
LaCams12,La Gitanilla,Miguel de Cervantes,Teatro,8
MrBruce,La guerra de los mundos,H. G. Wells,Tragedia,10
guillexus,La Historia del Rey Transparente,Rosa Montero,Novela,10
LaCams12,La insoportable levedad del ser,Milan Kundera,Ciencia Ficcion,9
laz38,La maquina del tiempo,H. G. Wells,Novela,8
pabs,La metamorfosis,Franz Kakfa,Novela,10
Arielin98,La semana de colores,Elena Garro,Ciencia Ficcion,9
edu18,La Sombra del Viento,Carlos Ruiz Zafon,Cuento,8
OctaH,Lazarillo de Tormes,Anonimo,Cuento,10
MarceCL,Los Hermanos Karamazov,Dostoyevski,Misterio,6
Arielin98,Los Recuerdos del Porvenir,Elena Garro,Novela,8
edgy,Modern Quantum Mechanics,Sakurai,Novela Filosófica,5
ferA99,On the road,Jack Kerouac,Realismo mágico,10
kikin01,One Shot,Lee Child,Académico,6
Dafelicioso,Othello,William Shakespeare,Fantasia Oscura,10
oguh,Pedro Paramo,Juan Rulfo,Novela,8
laz38,Pride and Prejudice,Jane Austen,Suspenso,5
LaCams12,Quantum Mechanics: Non-Relativistic Theory,,Teatro,8
ferS00,Rayuela,Julio Cortazar,Novela,1
Alex_27,Ser y tiempo,Martin Heidegger,Novela,1
laz38,Siddharta,Hermann Hesse,Académico,10
pabs,Solo quedó nuestra historia,Adam Silvera,Novela,10
MrBruce,Spivak-Calulus,Spivak,Ensayo,8
OctaH,Temporada de Huracanes,Fernanda Melchor,Novela ,10
Yeu,Testimonios sobre Mariana,Elena Garro,Académico,10
MrBruce,The catcher in the rye,Salinger,Novela,2
oguh,The Classical Theory of Fields,Landau,Realismo mágico,6
oguh,The fall of the house of usher,Edgar Allan Poe,Novela,10
Arielin98,The Handmaid's Tale,Margaret Artwood,Académico,10
Arielin98,The Lord of the Rings The Fellowship of the Ring,Tolkien,Cuento,5
ferS00,The Lord of the Rings The Return of the King,Tolkien,Ficción Distópica,10
pabs,The Lord of the Rings The Two Towers,Tolkien,Novela,9
MarceCL,The masque of the red death,Edgar Allan Poe,Fantasia,1
kikin01,The Physician,Noah Gordon,Fantasia,8
edu18,The Pillars of the Earth,Ken Follett,Fantasia,10
ferS00,The Second Coming of Gluttony,Ro Yu-jin,Cuento,10
edu18,The Sirens of Titan,Kurt Vonnegut,Novela,10
edgy,The tell-tale heart,Edgar Allan Poe,Novela ,10
ferS00,To Kill A Mockingbird,Harper Lee,Wuxia,10
oguh,Travesuras de la niña mala,Mario Vargas,Ciencia Ficcion,10
Alex_27,Ulises,James Joyce,Autobiografía,3
guillexus,Un mundo feliz,Aldous Huxley,Novela,10
lucluc,Una educación,Tara Westlover,Cuento,10
edgy,Valis,K. Dick,Novela,3
kikin01,1984,George Orwell,Ciencia Ficcion,8
OctaH,100 años de soledad ,Gabriel Garcia,Teatro,3
edgy,1Q84,Murakami,Ficción Doméstica,8
OctaH,Anna Karenina,Leon Tolstoi,Ciencia Ficcion,10
ferS00,Bajo la rueda ,Hermann Hesse,Ciencia Ficcion,10
MrBruce,Crimen y castigo,Flodor Dostyyevski,Cuento,10
Yeu,Crónicas marcianas,Ray Bradbury,Realismo mágico,10
edgy,Do androids dream of electric sheep?,Philip Dick,Novela,9
kikin01,Doña Perfecta,Benito Perez,Novela,10
Arielin98,Drácula,Bram Stoker,Novela Realista,4
oguh,Dune,Frank Herbert,Novela,8
OctaH,El Aleph,Jorge Luis Borges,Novela,8
kikin01,El asesinato de pitágoras,Marcos Chicot,Ciencia Ficcion,9
Dafelicioso,El coronel no tiene quien le escriba,Gabriel Garcia,Ciencia Ficcion,9
OctaH,El Lobo Estepario,Hermann Hesse,Novela,10
Alex_27,El perfume,Patrick Süskind,Novela,6
LaCams12,El Periquillo de Sarniento,Lizardi,Novela,5
Arielin98,El psicoanalista,John Katzenbach,Ciencia Ficcion,10
OctaH,El señor de las moscas,Willian Golding,Cuento,10
Dafelicioso,El Tapiz Amarillo,Charlotte Perkins Gilman,Thriller histórico,10
guillexus,Enders Game,Orson,Novela,10
Alex_27,"Erecciones, eyaculaciones, exhibiciones",Charles Bukowski,Novela,8
kikin01,Exhalation,Ted Chiang,Novela,7
Arielin98,Farenheit 451,Ray Bradbury,Novela,10
MarceCL,Fenomenología del espíritu,Hegel ,Cuento,10
edgy,Ficciones,Jorge Luis Borges,Thriller,10
MrBruce,Física de lo imposible,Michio Kaku,Novela,1
OctaH,Hábitos Atómicos,James Clear,Cuento,4
LaCams12,Harry Potter,J. K. Rowling,Novela,10
ferA99,Historia de Dos Ciudades,Charles Dickens,Cuento,9
oguh,I Shall Seal the Heavens,Anonimo,Cuento,7
Dafelicioso,La cancion de Aquiles,Madeline Miller,Ficción Distópica,7
ferS00,La casa de Bernarda Alba,Garcia Lorca,Ensayo,6
kikin01,La Dama de las Camelias,Alexandre Dumas,Cuento,5
Alex_27,La Gitanilla,Miguel de Cervantes,Divulgación,10
MarceCL,La guerra de los mundos,H. G. Wells,Autoayuda,8
lucluc,La Historia del Rey Transparente,Rosa Montero,Fantasia,6
OctaH,La insoportable levedad del ser,Milan Kundera,Xianxia,5
edgy,La maquina del tiempo,H. G. Wells,Novela,9
LaCams12,La metamorfosis,Franz Kakfa,Teatro,1
OctaH,La semana de colores,Elena Garro,Tragedia,6
ferA99,La Sombra del Viento,Carlos Ruiz Zafon,Novela,10
edu18,Lazarillo de Tormes,Anonimo,Ciencia Ficcion,10
Dafelicioso,Los Hermanos Karamazov,Dostoyevski,Novela,2
pabs,Los Recuerdos del Porvenir,Elena Garro,Novela,10
MrBruce,Modern Quantum Mechanics,Sakurai,Ciencia Ficcion,7
edu18,Neverwhere,Neil Gaiman,Cuento,10
ferS00,On the road,Jack Kerouac,Cuento,10
oguh,One Shot,Lee Child,Misterio,10
edgy,Othello,William Shakespeare,Novela,10
Dafelicioso,Pedro Paramo,Juan Rulfo,Novela Filosófica,10
ferS00,Pride and Prejudice,Jane Austen,Realismo mágico,10
MarceCL,Quantum Mechanics: Non-Relativistic Theory,,Académico,1
guillexus,Ser y tiempo,Martin Heidegger,Fantasia Oscura,10
ferS00,Siddharta,Hermann Hesse,Novela,6
Arielin98,Solo quedó nuestra historia,Adam Silvera,Suspenso,10
LaCams12,Spivak-Calulus,Spivak,Teatro,7
kikin01,Temporada de Huracanes,Fernanda Melchor,Novela,7
ferA99,Testimonios sobre Mariana,Elena Garro,Novela,1
laz38,The catcher in the rye,Salinger,Académico,9
Yeu,The Classical Theory of Fields,Landau,Novela,1
kikin01,The fall of the house of usher,Edgar Allan Poe,Ensayo,10
lucluc,The Handmaid's Tale,Margaret Artwood,Novela ,8
Dafelicioso,The Lord of the Rings The Fellowship of the Ring,Tolkien,Académico,4
Dafelicioso,The Lord of the Rings The Return of the King,Tolkien,Novela,10
oguh,The Lord of the Rings The Two Towers,Tolkien,Realismo mágico,10
MrBruce,The masque of the red death,Edgar Allan Poe,Novela,4
MrBruce,The Physician,Noah Gordon,Académico,5
ferA99,The Pillars of the Earth,Ken Follett,Cuento,4
pabs,The Second Coming of Gluttony,Ro Yu-jin,Ficción Distópica,8
oguh,The Sirens of Titan,Kurt Vonnegut,Novela,10
oguh,To Kill A Mockingbird,Harper Lee,Fantasia,10
ferS00,Travesuras de la niña mala,Mario Vargas,Fantasia,10
guillexus,Ulises,James Joyce,Fantasia,10
laz38,Un hogar solido ,Elena Garro,Cuento,3
MarceCL,Un mundo feliz,Aldous Huxley,Novela,10
LaCams12,Una educación,Tara Westlover,Novela ,10
oguh,Valis,K. Dick,Wuxia,4
Dafelicioso,1984,George Orwell,Ciencia Ficcion,10
Alex_27,"¡Adiós, Cordera!",Leooldo Alas,Cuento,6
kikin01,100 años de soledad ,Gabriel Garcia,Novela,1
LaCams12,1Q84,Murakami,Ciencia Ficcion,10
kikin01,Amor en tiempos de Colera,Gabriel Garcia,Autobiografía,8
laz38,Anna Karenina,Leon Tolstoi,Teatro,8
MarceCL,Bajo la rueda ,Hermann Hesse,Ficción Doméstica,5
lucluc,Crónicas marcianas,Ray Bradbury,Ciencia Ficcion,10
edu18,Doña Perfecta,Benito Perez,Novela,10
guillexus,Drácula,Bram Stoker,Ciencia Ficcion,8
kikin01,Dune,Frank Herbert,Cuento,10
MarceCL,El Aleph,Jorge Luis Borges,Realismo mágico,2
MarceCL,El asesinato de pitágoras,Marcos Chicot,Novela,10
kikin01,El coronel no tiene quien le escriba,Gabriel Garcia,Novela,4
ferA99,El Lobo Estepario,Hermann Hesse,Novela Realista,8
OctaH,El Periquillo de Sarniento,Lizardi,Novela,10
Yeu,El principito,Saint Euxpery,Novela,6
lucluc,El psicoanalista,John Katzenbach,Ciencia Ficcion,9
Yeu,El señor de las moscas,Willian Golding,Ciencia Ficcion,10
ferA99,El Tapiz Amarillo,Charlotte Perkins Gilman,Novela,10
laz38,Enders Game,Orson,Novela,10
LaCams12,"Erecciones, eyaculaciones, exhibiciones",Charles Bukowski,Novela,9
Alex_27,Exhalation,Ted Chiang,Ciencia Ficcion,10
MarceCL,Farenheit 451,Ray Bradbury,Cuento,10
ferA99,Fenomenología del espíritu,Hegel ,Thriller histórico,6
Arielin98,Ficciones,Jorge Luis Borges,Novela,8
edu18,Física de lo imposible,Michio Kaku,Novela,4
Arielin98,Hábitos Atómicos,James Clear,Novela,8
Dafelicioso,Harry Potter,J. K. Rowling,Novela,10
pabs,Historia de Dos Ciudades,Charles Dickens,Cuento,10
Arielin98,I Shall Seal the Heavens,Anonimo,Thriller,7
Arielin98,La cancion de Aquiles,Madeline Miller,Novela,8
Alex_27,La casa de Bernarda Alba,Garcia Lorca,Cuento,2
Yeu,La Gitanilla,Miguel de Cervantes,Novela,10
MarceCL,La Historia del Rey Transparente,Rosa Montero,Cuento,10
Arielin98,La metamorfosis,Franz Kakfa,Cuento,10
MrBruce,La semana de colores,Elena Garro,Ficción Distópica,6
MarceCL,La Sombra del Viento,Carlos Ruiz Zafon,Ensayo,10
guillexus,Lazarillo de Tormes,Anonimo,Cuento,10
lucluc,Los Hermanos Karamazov,Dostoyevski,Divulgación,5
OctaH,Los Recuerdos del Porvenir,Elena Garro,Autoayuda,8
oguh,Modern Quantum Mechanics,Sakurai,Fantasia,9
Dafelicioso,Neverwhere,Neil Gaiman,Xianxia,9
laz38,On the road,Jack Kerouac,Novela,5
lucluc,One Shot,Lee Child,Teatro,10
OctaH,Othello,William Shakespeare,Tragedia,4
ferA99,Pedro Paramo,Juan Rulfo,Novela,9
Alex_27,Pride and Prejudice,Jane Austen,Ciencia Ficcion,8
edu18,Quantum Mechanics: Non-Relativistic Theory,,Novela,8
MarceCL,Rayuela,Julio Cortazar,Novela,10
MarceCL,Ser y tiempo,Martin Heidegger,Ciencia Ficcion,8
MrBruce,Siddharta,Hermann Hesse,Cuento,9
OctaH,Solo quedó nuestra historia,Adam Silvera,Cuento,5
oguh,Spivak-Calulus,Spivak,Misterio,10
OctaH,Testimonios sobre Mariana,Elena Garro,Novela,10
Alex_27,The catcher in the rye,Salinger,Novela Filosófica,10
ferA99,The Classical Theory of Fields,Landau,Realismo mágico,10
LaCams12,The fall of the house of usher,Edgar Allan Poe,Académico,7
Dafelicioso,The Handmaid's Tale,Margaret Artwood,Fantasia Oscura,10
kikin01,The Lord of the Rings The Fellowship of the Ring,Tolkien,Novela,10
guillexus,The Lord of the Rings The Return of the King,Tolkien,Suspenso,10
lucluc,The Lord of the Rings The Two Towers,Tolkien,Teatro,5
edgy,The masque of the red death,Edgar Allan Poe,Novela,9
edu18,The Physician,Noah Gordon,Novela,5
laz38,The Pillars of the Earth,Ken Follett,Académico,9
laz38,The Second Coming of Gluttony,Ro Yu-jin,Novela,9
edgy,To Kill A Mockingbird,Harper Lee,Ensayo,10
pabs,Ulises,James Joyce,Novela ,10
Dafelicioso,Un hogar solido ,Elena Garro,Académico,10
pabs,Un mundo feliz,Aldous Huxley,Novela,3
OctaH,Valis,K. Dick,Realismo mágico,9
ferA99,1984,George Orwell,Novela,8
Yeu,1Q84,Murakami,Académico,10
oguh,Amor en tiempos de Colera,Gabriel Garcia,Cuento,10
guillexus,Anna Karenina,Leon Tolstoi,Ficción Distópica,1
pabs,Bajo la rueda ,Hermann Hesse,Novela,2
laz38,Crimen y castigo,Flodor Dostyyevski,Fantasia,8
edgy,Crónicas marcianas,Ray Bradbury,Fantasia,9
kikin01,Drácula,Bram Stoker,Fantasia,10
Yeu,El Lobo Estepario,Hermann Hesse,Cuento,9
edu18,El perfume,Patrick Süskind,Novela,5
Alex_27,El principito,Saint Euxpery,Novela ,5
laz38,El psicoanalista,John Katzenbach,Wuxia,8
pabs,El señor de las moscas,Willian Golding,Ciencia Ficcion,2
lucluc,Enders Game,Orson,Cuento,6
laz38,"Erecciones, eyaculaciones, exhibiciones",Charles Bukowski,Ficción Doméstica,10
OctaH,Exhalation,Ted Chiang,Novela,4
edu18,Farenheit 451,Ray Bradbury,Novela,6
Alex_27,Fenomenología del espíritu,Hegel ,Teatro,1
ferA99,Ficciones,Jorge Luis Borges,Ciencia Ficcion,10
Yeu,Hábitos Atómicos,James Clear,Autobiografía,10
ferA99,I Shall Seal the Heavens,Anonimo,Ciencia Ficcion,10
lucluc,La Dama de las Camelias,Alexandre Dumas,Ciencia Ficcion,8
edu18,La Gitanilla,Miguel de Cervantes,Cuento,10
laz38,La Historia del Rey Transparente,Rosa Montero,Realismo mágico,8
MarceCL,La insoportable levedad del ser,Milan Kundera,Novela,4
ferA99,La maquina del tiempo,H. G. Wells,Novela,10
Alex_27,La metamorfosis,Franz Kakfa,Novela Realista,10
lucluc,La semana de colores,Elena Garro,Novela,10
ferA99,Lazarillo de Tormes,Anonimo,Novela,10
oguh,Los Hermanos Karamazov,Dostoyevski,Ciencia Ficcion,8
ferS00,Los Recuerdos del Porvenir,Elena Garro,Ciencia Ficcion,8
Yeu,Modern Quantum Mechanics,Sakurai,Novela,10
Arielin98,Neverwhere,Neil Gaiman,Novela,10
Yeu,On the road,Jack Kerouac,Novela,2
Yeu,One Shot,Lee Child,Ciencia Ficcion,9
LaCams12,Othello,William Shakespeare,Cuento,5
MrBruce,Pedro Paramo,Juan Rulfo,Thriller histórico,8
oguh,Pride and Prejudice,Jane Austen,Novela,10
kikin01,Quantum Mechanics: Non-Relativistic Theory,,Novela,10
lucluc,Rayuela,Julio Cortazar,Novela,10
edu18,Ser y tiempo,Martin Heidegger,Novela,8
edu18,Siddharta,Hermann Hesse,Cuento,8
kikin01,Solo quedó nuestra historia,Adam Silvera,Thriller,10
lucluc,Spivak-Calulus,Spivak,Novela,10
MrBruce,Temporada de Huracanes,Fernanda Melchor,Cuento,5
ferS00,The catcher in the rye,Salinger,Novela,10
Yeu,The fall of the house of usher,Edgar Allan Poe,Cuento,5
ferS00,The Handmaid's Tale,Margaret Artwood,Cuento,9
kikin01,The Lord of the Rings The Return of the King,Tolkien,Ficción Distópica,4
Alex_27,The Lord of the Rings The Two Towers,Tolkien,Ensayo,2
ferS00,The masque of the red death,Edgar Allan Poe,Cuento,8
MrBruce,The Pillars of the Earth,Ken Follett,Divulgación,8
MarceCL,The Second Coming of Gluttony,Ro Yu-jin,Autoayuda,8
kikin01,The Sirens of Titan,Kurt Vonnegut,Fantasia,4
MarceCL,The tell-tale heart,Edgar Allan Poe,Xianxia,5
kikin01,Travesuras de la niña mala,Mario Vargas,Novela,10
Yeu,Ulises,James Joyce,Teatro,10
ferA99,Un hogar solido ,Elena Garro,Tragedia,10
MrBruce,Un mundo feliz,Aldous Huxley,Novela,1
Arielin98,Una educación,Tara Westlover,Ciencia Ficcion,9
ferS00,100 años de soledad ,Gabriel Garcia,Novela,9
lucluc,Amor en tiempos de Colera,Gabriel Garcia,Novela,10
edgy,Anna Karenina,Leon Tolstoi,Ciencia Ficcion,10
Dafelicioso,Bajo la rueda ,Hermann Hesse,Cuento,10
OctaH,Crimen y castigo,Flodor Dostyyevski,Cuento,10
LaCams12,Crónicas marcianas,Ray Bradbury,Misterio,10
Arielin98,Do androids dream of electric sheep?,Philip Dick,Novela,10
oguh,Doña Perfecta,Benito Perez,Novela Filosófica,8
LaCams12,Drácula,Bram Stoker,Realismo mágico,3
Yeu,El Aleph,Jorge Luis Borges,Académico,7
Dafelicioso,El asesinato de pitágoras,Marcos Chicot,Fantasia Oscura,2
MrBruce,El coronel no tiene quien le escriba,Gabriel Garcia,Novela,8
MarceCL,El Lobo Estepario,Hermann Hesse,Suspenso,10
LaCams12,El perfume,Patrick Süskind,Teatro,10
Yeu,El Periquillo de Sarniento,Lizardi,Novela,7
lucluc,El principito,Saint Euxpery,Novela,4
edgy,El psicoanalista,John Katzenbach,Académico,10
edgy,El señor de las moscas,Willian Golding,Novela,7
kikin01,Enders Game,Orson,Ensayo,10
ferS00,Crimen y castigo,Flodor Dostyyevski,Novela ,4
LaCams12,La Historia del Rey Transparente,Rosa Montero,Académico,9
lucluc,Harry Potter,J. K. Rowling,Novela,10
guillexus,Othello,William Shakespeare,Realismo mágico,10
laz38,Doña Perfecta,Benito Perez,Novela,8
ferA99,Dune,Frank Herbert,Académico,7
kikin01,El Lobo Estepario,Hermann Hesse,Cuento,6
laz38,Rayuela,Julio Cortazar,Ficción Distópica,9
ferS00,The Lord of the Rings The Fellowship of the Ring,Tolkien,Novela,10
kikin01,Física de lo imposible,Michio Kaku,Fantasia,8
MarceCL,El Periquillo de Sarniento,Lizardi,Fantasia,2
lucluc,La maquina del tiempo,H. G. Wells,Fantasia,10
laz38,One Shot,Lee Child,Cuento,9
pabs,El psicoanalista,John Katzenbach,Novela,10
laz38,Amor en tiempos de Colera,Gabriel Garcia,Novela ,9
ferS00,La cancion de Aquiles,Madeline Miller,Wuxia,9
guillexus,Los Recuerdos del Porvenir,Elena Garro,Ciencia Ficcion,9
kikin01,On the road,Jack Kerouac,Cuento,10
Yeu,The tell-tale heart,Edgar Allan Poe,Ficción Doméstica,3
edu18,I Shall Seal the Heavens,Anonimo,Novela,10
laz38,Historia de Dos Ciudades,Charles Dickens,Novela,9
ferS00,"Erecciones, eyaculaciones, exhibiciones",Charles Bukowski,Teatro,1
edgy,Los Hermanos Karamazov,Dostoyevski,Ciencia Ficcion,1
edgy,El principito,Saint Euxpery,Autobiografía,2
Yeu,Los Hermanos Karamazov,Dostoyevski,Ciencia Ficcion,2
Dafelicioso,Travesuras de la niña mala,Mario Vargas,Ciencia Ficcion,10
ferA99,Anna Karenina,Leon Tolstoi,Cuento,10
guillexus,The Physician,Noah Gordon,Realismo mágico,10
laz38,Pedro Paramo,Juan Rulfo,Novela,10
edgy,El Aleph,Jorge Luis Borges,Novela,8
guillexus,Valis,K. Dick,Novela Realista,10
LaCams12,Exhalation,Ted Chiang,Novela,6
ferA99,La guerra de los mundos,H. G. Wells,Novela,10
edu18,Ficciones,Jorge Luis Borges,Ciencia Ficcion,10
laz38,El principito,Saint Euxpery,Ciencia Ficcion,2
oguh,Do androids dream of electric sheep?,Philip Dick,Novela,10
ferS00,Crónicas marcianas,Ray Bradbury,Novela,3
lucluc,Drácula,Bram Stoker,Novela,10
laz38,Testimonios sobre Mariana,Elena Garro,Ciencia Ficcion,8
oguh,The masque of the red death,Edgar Allan Poe,Cuento,10
oguh,El perfume,Patrick Süskind,Thriller histórico,6
OctaH,The Sirens of Titan,Kurt Vonnegut,Novela,10
guillexus,To Kill A Mockingbird,Harper Lee,Novela,8
edgy,The Sirens of Titan,Kurt Vonnegut,Novela,9
guillexus,1Q84,Murakami,Novela,6
LaCams12,Bajo la rueda ,Hermann Hesse,Cuento,10
edu18,The fall of the house of usher,Edgar Allan Poe,Thriller,10
Dafelicioso,Enders Game,Orson,Novela,7
Arielin98,The Pillars of the Earth,Ken Follett,Cuento,2
oguh,On the road,Jack Kerouac,Novela,1
lucluc,The Lord of the Rings The Return of the King,Tolkien,Cuento,9
guillexus,El Aleph,Jorge Luis Borges,Cuento,10
ferA99,Harry Potter,J. K. Rowling,Ficción Distópica,2
Arielin98,The catcher in the rye,Salinger,Ensayo,10
kikin01,The catcher in the rye,Salinger,Cuento,10
Arielin98,The Lord of the Rings The Return of the King,Tolkien,Divulgación,6
kikin01,Un mundo feliz,Aldous Huxley,Autoayuda,4
edu18,La semana de colores,Elena Garro,Fantasia,9
kikin01,Neverwhere,Neil Gaiman,Xianxia,7
edgy,Un hogar solido ,Elena Garro,Novela,8
Dafelicioso,Doña Perfecta,Benito Perez,Teatro,2
MrBruce,The Second Coming of Gluttony,Ro Yu-jin,Tragedia,10
ferA99,Hábitos Atómicos,James Clear,Novela,3
laz38,Ser y tiempo,Martin Heidegger,Ciencia Ficcion,6
edu18,The Second Coming of Gluttony,Ro Yu-jin,Novela,10
Arielin98,Travesuras de la niña mala,Mario Vargas,Novela,10
Dafelicioso,1Q84,Murakami,Ciencia Ficcion,8
ferS00,Solo quedó nuestra historia,Adam Silvera,Cuento,10
Alex_27,La Historia del Rey Transparente,Rosa Montero,Cuento,2
edgy,"Erecciones, eyaculaciones, exhibiciones",Charles Bukowski,Misterio,8
MarceCL,Solo quedó nuestra historia,Adam Silvera,Novela,10
ferS00,Modern Quantum Mechanics,Sakurai,Novela Filosófica,10
ferA99,The fall of the house of usher,Edgar Allan Poe,Realismo mágico,10
LaCams12,Historia de Dos Ciudades,Charles Dickens,Académico,2
MarceCL,1984,George Orwell,Fantasia Oscura,1
Arielin98,Bajo la rueda ,Hermann Hesse,Novela,4
edu18,Hábitos Atómicos,James Clear,Suspenso,10
guillexus,Testimonios sobre Mariana,Elena Garro,Teatro,10
oguh,100 años de soledad ,Gabriel Garcia,Novela,3
MarceCL,La casa de Bernarda Alba,Garcia Lorca,Novela,9
ferS00,El Tapiz Amarillo,Charlotte Perkins Gilman,Académico,10
oguh,La Sombra del Viento,Carlos Ruiz Zafon,Novela,9
kikin01,Modern Quantum Mechanics,Sakurai,Ensayo,10
LaCams12,Valis,K. Dick,Novela ,10
laz38,El señor de las moscas,Willian Golding,Académico,4
oguh,The Pillars of the Earth,Ken Follett,Novela,10
Arielin98,Quantum Mechanics: Non-Relativistic Theory,,Realismo mágico,10
Dafelicioso,La metamorfosis,Franz Kakfa,Novela,8
Arielin98,La casa de Bernarda Alba,Garcia Lorca,Académico,9
ferA99,The Second Coming of Gluttony,Ro Yu-jin,Cuento,10
Arielin98,The Classical Theory of Fields,Landau,Ficción Distópica,10
Yeu,Farenheit 451,Ray Bradbury,Novela,10
laz38,The Classical Theory of Fields,Landau,Fantasia,5
lucluc,Pedro Paramo,Juan Rulfo,Fantasia,9
pabs,I Shall Seal the Heavens,Anonimo,Fantasia,2
MarceCL,Spivak-Calulus,Spivak,Cuento,10
lucluc,Lazarillo de Tormes,Anonimo,Novela,2
Yeu,Ser y tiempo,Martin Heidegger,Novela ,9
kikin01,Othello,William Shakespeare,Wuxia,3
Arielin98,100 años de soledad ,Gabriel Garcia,Ciencia Ficcion,9
edgy,Crimen y castigo,Flodor Dostyyevski,Cuento,6
guillexus,Pride and Prejudice,Jane Austen,Ficción Doméstica,10
Arielin98,El coronel no tiene quien le escriba,Gabriel Garcia,Novela,10
kikin01,Una educación,Tara Westlover,Novela,10
pabs,The masque of the red death,Edgar Allan Poe,Teatro,1
Yeu,The Handmaid's Tale,Margaret Artwood,Ciencia Ficcion,10
lucluc,1984,George Orwell,Autobiografía,10
LaCams12,Los Recuerdos del Porvenir,Elena Garro,Ciencia Ficcion,10
Yeu,Un mundo feliz,Aldous Huxley,Ciencia Ficcion,10
OctaH,The fall of the house of usher,Edgar Allan Poe,Cuento,10
ferS00,El coronel no tiene quien le escriba,Gabriel Garcia,Realismo mágico,10
edu18,Crónicas marcianas,Ray Bradbury,Novela,9
OctaH,Un mundo feliz,Aldous Huxley,Novela,10
Dafelicioso,Siddharta,Hermann Hesse,Novela Realista,8
oguh,La insoportable levedad del ser,Milan Kundera,Novela,9
laz38,"¡Adiós, Cordera!",Leooldo Alas,Novela,5
MarceCL,Do androids dream of electric sheep?,Philip Dick,Ciencia Ficcion,10
kikin01,Un hogar solido ,Elena Garro,Ciencia Ficcion,8
edgy,La Dama de las Camelias,Alexandre Dumas,Novela,8
kikin01,La metamorfosis,Franz Kakfa,Novela,10
LaCams12,Fenomenología del espíritu,Hegel ,Novela,10
MarceCL,El Tapiz Amarillo,Charlotte Perkins Gilman,Ciencia Ficcion,10
Arielin98,To Kill A Mockingbird,Harper Lee,Cuento,8
kikin01,Fenomenología del espíritu,Hegel ,Thriller histórico,10
edu18,1984,George Orwell,Novela,8
Alex_27,Enders Game,Orson,Novela,9
edgy,Ulises,James Joyce,Novela,2
oguh,La maquina del tiempo,H. G. Wells,Novela,10
lucluc,Quantum Mechanics: Non-Relativistic Theory,,Cuento,8
pabs,Anna Karenina,Leon Tolstoi,Thriller,2
oguh,"¡Adiós, Cordera!",Leooldo Alas,Novela,3
edu18,La maquina del tiempo,H. G. Wells,Cuento,10
Arielin98,Spivak-Calulus,Spivak,Novela,8
laz38,The Handmaid's Tale,Margaret Artwood,Cuento,9
oguh,Siddharta,Hermann Hesse,Cuento,4
Yeu,Temporada de Huracanes,Fernanda Melchor,Ficción Distópica,10
pabs,La cancion de Aquiles,Madeline Miller,Ensayo,4
guillexus,Historia de Dos Ciudades,Charles Dickens,Cuento,6
guillexus,Harry Potter,J. K. Rowling,Divulgación,6
MrBruce,La metamorfosis,Franz Kakfa,Autoayuda,1
oguh,Solo quedó nuestra historia,Adam Silvera,Fantasia,3
ferS00,Los Hermanos Karamazov,Dostoyevski,Xianxia,10
guillexus,One Shot,Lee Child,Novela,10
Dafelicioso,Quantum Mechanics: Non-Relativistic Theory,,Teatro,10
kikin01,La casa de Bernarda Alba,Garcia Lorca,Tragedia,9
kikin01,Pride and Prejudice,Jane Austen,Novela,7
oguh,Los Recuerdos del Porvenir,Elena Garro,Ciencia Ficcion,10
OctaH,Modern Quantum Mechanics,Sakurai,Novela,8
edu18,La cancion de Aquiles,Madeline Miller,Novela,10
Arielin98,El Lobo Estepario,Hermann Hesse,Ciencia Ficcion,6
Arielin98,Pride and Prejudice,Jane Austen,Cuento,8
Alex_27,Historia de Dos Ciudades,Charles Dickens,Cuento,10
ferA99,Una educación,Tara Westlover,Misterio,9
Yeu,The masque of the red death,Edgar Allan Poe,Novela,10
Dafelicioso,Física de lo imposible,Michio Kaku,Novela Filosófica,9
pabs,Ficciones,Jorge Luis Borges,Realismo mágico,10
edgy,The Physician,Noah Gordon,Académico,4
guillexus,"¡Adiós, Cordera!",Leooldo Alas,Fantasia Oscura,8
OctaH,The Physician,Noah Gordon,Novela,4
Alex_27,Siddharta,Hermann Hesse,Suspenso,10
edu18,El señor de las moscas,Willian Golding,Teatro,10
LaCams12,Neverwhere,Neil Gaiman,Novela,10
guillexus,El perfume,Patrick Süskind,Novela,1
ferS00,Exhalation,Ted Chiang,Académico,8
pabs,Travesuras de la niña mala,Mario Vargas,Novela,1
Alex_27,La Dama de las Camelias,Alexandre Dumas,Ensayo,3
guillexus,The tell-tale heart,Edgar Allan Poe,Novela ,4
oguh,1Q84,Murakami,Académico,10
OctaH,La guerra de los mundos,H. G. Wells,Novela,7
edgy,Farenheit 451,Ray Bradbury,Realismo mágico,1
edgy,"¡Adiós, Cordera!",Leooldo Alas,Novela,8
LaCams12,The catcher in the rye,Salinger,Académico,10
LaCams12,The Lord of the Rings The Two Towers,Tolkien,Cuento,10
MarceCL,The Pillars of the Earth,Ken Follett,Ficción Distópica,6
guillexus,Dune,Frank Herbert,Novela,6
oguh,The tell-tale heart,Edgar Allan Poe,Fantasia,10
edu18,Una educación,Tara Westlover,Fantasia,4
LaCams12,The masque of the red death,Edgar Allan Poe,Fantasia,10
kikin01,Farenheit 451,Ray Bradbury,Cuento,6
MrBruce,The Handmaid's Tale,Margaret Artwood,Novela,7
ferA99,Travesuras de la niña mala,Mario Vargas,Novela ,9
ferA99,Modern Quantum Mechanics,Sakurai,Wuxia,4
LaCams12,El psicoanalista,John Katzenbach,Ciencia Ficcion,10
laz38,Neverwhere,Neil Gaiman,Cuento,9
laz38,To Kill A Mockingbird,Harper Lee,Ficción Doméstica,10
kikin01,La insoportable levedad del ser,Milan Kundera,Novela,5
laz38,El Lobo Estepario,Hermann Hesse,Novela,10
edu18,La metamorfosis,Franz Kakfa,Teatro,10
pabs,Fenomenología del espíritu,Hegel ,Ciencia Ficcion,10
Yeu,The Lord of the Rings The Fellowship of the Ring,Tolkien,Autobiografía,9
Arielin98,La Gitanilla,Miguel de Cervantes,Ciencia Ficcion,10
lucluc,La Gitanilla,Miguel de Cervantes,Ciencia Ficcion,1
oguh,Rayuela,Julio Cortazar,Cuento,9
oguh,El Tapiz Amarillo,Charlotte Perkins Gilman,Realismo mágico,9
OctaH,La Dama de las Camelias,Alexandre Dumas,Novela,3
MrBruce,1984,George Orwell,Novela,9
Alex_27,Lazarillo de Tormes,Anonimo,Novela Realista,10
edu18,La Historia del Rey Transparente,Rosa Montero,Novela,2
LaCams12,Ulises,James Joyce,Novela,8
LaCams12,Siddharta,Hermann Hesse,Ciencia Ficcion,10
Alex_27,Spivak-Calulus,Spivak,Ciencia Ficcion,7
edu18,Amor en tiempos de Colera,Gabriel Garcia,Novela,10
Alex_27,Bajo la rueda ,Hermann Hesse,Novela,2
Arielin98,Anna Karenina,Leon Tolstoi,Novela,5
Arielin98,La Sombra del Viento,Carlos Ruiz Zafon,Ciencia Ficcion,10
Yeu,"Erecciones, eyaculaciones, exhibiciones",Charles Bukowski,Cuento,10
MrBruce,Lazarillo de Tormes,Anonimo,Thriller histórico,7
OctaH,One Shot,Lee Child,Novela,8
OctaH,La cancion de Aquiles,Madeline Miller,Novela,10
LaCams12,Dune,Frank Herbert,Novela,10
MrBruce,Fenomenología del espíritu,Hegel ,Novela,10
oguh,Bajo la rueda ,Hermann Hesse,Cuento,10
Yeu,Crimen y castigo,Flodor Dostyyevski,Thriller,10
guillexus,Crónicas marcianas,Ray Bradbury,Novela,10
LaCams12,Doña Perfecta,Benito Perez,Cuento,2
Dafelicioso,Drácula,Bram Stoker,Novela,10
ferS00,El Aleph,Jorge Luis Borges,Cuento,3
laz38,El asesinato de pitágoras,Marcos Chicot,Cuento,10
Alex_27,El coronel no tiene quien le escriba,Gabriel Garcia,Ficción Distópica,10
laz38,El perfume,Patrick Süskind,Ensayo,10
kikin01,El Periquillo de Sarniento,Lizardi,Cuento,4
Dafelicioso,El principito,Saint Euxpery,Divulgación,10
Dafelicioso,El psicoanalista,John Katzenbach,Autoayuda,2
Dafelicioso,El señor de las moscas,Willian Golding,Fantasia,7
LaCams12,El Tapiz Amarillo,Charlotte Perkins Gilman,Xianxia,9
MrBruce,"Erecciones, eyaculaciones, exhibiciones",Charles Bukowski,Novela,10
laz38,Ficciones,Jorge Luis Borges,Teatro,10
laz38,Hábitos Atómicos,James Clear,Tragedia,10
MarceCL,Harry Potter,J. K. Rowling,Novela,10
edgy,I Shall Seal the Heavens,Anonimo,Ciencia Ficcion,10
ferA99,La cancion de Aquiles,Madeline Miller,Novela,10
Yeu,La guerra de los mundos,H. G. Wells,Novela,1
pabs,La insoportable levedad del ser,Milan Kundera,Ciencia Ficcion,10
laz38,La metamorfosis,Franz Kakfa,Cuento,1
Yeu,La Sombra del Viento,Carlos Ruiz Zafon,Cuento,10
pabs,Los Hermanos Karamazov,Dostoyevski,Misterio,10
ferA99,Los Recuerdos del Porvenir,Elena Garro,Novela,3
Dafelicioso,Modern Quantum Mechanics,Sakurai,Novela Filosófica,10
MrBruce,Neverwhere,Neil Gaiman,Realismo mágico,10
edgy,One Shot,Lee Child,Académico,8
pabs,Othello,William Shakespeare,Fantasia Oscura,8
lucluc,Pride and Prejudice,Jane Austen,Novela,3
Dafelicioso,Rayuela,Julio Cortazar,Suspenso,4
ferA99,Temporada de Huracanes,Fernanda Melchor,Teatro,10
oguh,Testimonios sobre Mariana,Elena Garro,Novela,8
MarceCL,The catcher in the rye,Salinger,Novela,8
Alex_27,The Classical Theory of Fields,Landau,Académico,2
LaCams12,The Lord of the Rings The Fellowship of the Ring,Tolkien,Novela,8
guillexus,The Lord of the Rings The Two Towers,Tolkien,Ensayo,10
edu18,The masque of the red death,Edgar Allan Poe,Novela ,9
Yeu,The Pillars of the Earth,Ken Follett,Académico,10
Yeu,The Sirens of Titan,Kurt Vonnegut,Novela,10
edu18,The tell-tale heart,Edgar Allan Poe,Realismo mágico,5
Yeu,Travesuras de la niña mala,Mario Vargas,Novela,10
edu18,Ulises,James Joyce,Académico,10
Arielin98,Un hogar solido ,Elena Garro,Cuento,10
Alex_27,Una educación,Tara Westlover,Ficción Distópica,2
laz38,Valis,K. Dick,Novela,4
pabs,"¡Adiós, Cordera!",Leooldo Alas,Fantasia,8
Alex_27,100 años de soledad ,Gabriel Garcia,Fantasia,10
MrBruce,1Q84,Murakami,Fantasia,9
Arielin98,Amor en tiempos de Colera,Gabriel Garcia,Cuento,10
edgy,Bajo la rueda ,Hermann Hesse,Novela,9
lucluc,Dune,Frank Herbert,Novela ,9
laz38,El Aleph,Jorge Luis Borges,Wuxia,8
edu18,El psicoanalista,John Katzenbach,Ciencia Ficcion,8
MrBruce,El Tapiz Amarillo,Charlotte Perkins Gilman,Cuento,4
edu18,Fenomenología del espíritu,Hegel ,Ficción Doméstica,8
Yeu,Ficciones,Jorge Luis Borges,Novela,9
pabs,Física de lo imposible,Michio Kaku,Novela,10
edgy,Harry Potter,J. K. Rowling,Teatro,9
Arielin98,Historia de Dos Ciudades,Charles Dickens,Ciencia Ficcion,8
guillexus,La cancion de Aquiles,Madeline Miller,Autobiografía,10
edu18,La casa de Bernarda Alba,Garcia Lorca,Ciencia Ficcion,10
LaCams12,La Dama de las Camelias,Alexandre Dumas,Ciencia Ficcion,4
laz38,La Gitanilla,Miguel de Cervantes,Cuento,8
guillexus,La guerra de los mundos,H. G. Wells,Realismo mágico,8
LaCams12,La maquina del tiempo,H. G. Wells,Novela,2
guillexus,La metamorfosis,Franz Kakfa,Novela,10
LaCams12,La semana de colores,Elena Garro,Novela Realista,7
Alex_27,La Sombra del Viento,Carlos Ruiz Zafon,Novela,7
ferA99,Los Hermanos Karamazov,Dostoyevski,Novela,9
edgy,Los Recuerdos del Porvenir,Elena Garro,Ciencia Ficcion,4
Arielin98,Modern Quantum Mechanics,Sakurai,Ciencia Ficcion,10
edu18,On the road,Jack Kerouac,Novela,9
Yeu,Pride and Prejudice,Jane Austen,Novela,5
ferA99,Quantum Mechanics: Non-Relativistic Theory,,Novela,7
pabs,Ser y tiempo,Martin Heidegger,Ciencia Ficcion,3
Yeu,Siddharta,Hermann Hesse,Cuento,10
MrBruce,Solo quedó nuestra historia,Adam Silvera,Thriller histórico,10
edgy,Temporada de Huracanes,Fernanda Melchor,Novela,7
edu18,The Classical Theory of Fields,Landau,Novela,8
pabs,The Handmaid's Tale,Margaret Artwood,Novela,9
guillexus,The Pillars of the Earth,Ken Follett,Novela,10
Dafelicioso,The Second Coming of Gluttony,Ro Yu-jin,Cuento,3
pabs,The Sirens of Titan,Kurt Vonnegut,Thriller,9
LaCams12,The tell-tale heart,Edgar Allan Poe,Novela,8
edgy,Travesuras de la niña mala,Mario Vargas,Cuento,7
Arielin98,Ulises,James Joyce,Novela,9
lucluc,Un hogar solido ,Elena Garro,Cuento,8
Dafelicioso,Un mundo feliz,Aldous Huxley,Cuento,1
ferS00,Una educación,Tara Westlover,Ficción Distópica,10
edu18,Valis,K. Dick,Ensayo,10
ferS00,Valis,K. Dick,Cuento,9
OctaH,1984,George Orwell,Divulgación,8
edu18,"¡Adiós, Cordera!",Leooldo Alas,Autoayuda,7
OctaH,1Q84,Murakami,Fantasia,10
MrBruce,Bajo la rueda ,Hermann Hesse,Xianxia,10
pabs,Crimen y castigo,Flodor Dostyyevski,Novela,1
MrBruce,Crónicas marcianas,Ray Bradbury,Teatro,8
pabs,Do androids dream of electric sheep?,Philip Dick,Tragedia,10
Yeu,Doña Perfecta,Benito Perez,Novela,10
MarceCL,Drácula,Bram Stoker,Ciencia Ficcion,1
Alex_27,Dune,Frank Herbert,Novela,3
lucluc,El asesinato de pitágoras,Marcos Chicot,Novela,4
Dafelicioso,El Lobo Estepario,Hermann Hesse,Ciencia Ficcion,8
oguh,El principito,Saint Euxpery,Cuento,10
Arielin98,El señor de las moscas,Willian Golding,Cuento,7
guillexus,"Erecciones, eyaculaciones, exhibiciones",Charles Bukowski,Misterio,1
lucluc,Exhalation,Ted Chiang,Novela,4
MrBruce,Farenheit 451,Ray Bradbury,Novela Filosófica,9
Yeu,Física de lo imposible,Michio Kaku,Realismo mágico,8
LaCams12,Hábitos Atómicos,James Clear,Académico,10
Dafelicioso,Historia de Dos Ciudades,Charles Dickens,Fantasia Oscura,10
Yeu,La casa de Bernarda Alba,Garcia Lorca,Novela,4
edgy,La guerra de los mundos,H. G. Wells,Suspenso,2
Dafelicioso,La maquina del tiempo,H. G. Wells,Teatro,10
Dafelicioso,La Sombra del Viento,Carlos Ruiz Zafon,Novela,10
Yeu,Los Recuerdos del Porvenir,Elena Garro,Novela,1
pabs,Modern Quantum Mechanics,Sakurai,Académico,9
Alex_27,Neverwhere,Neil Gaiman,Novela,1
LaCams12,On the road,Jack Kerouac,Ensayo,7
OctaH,Pedro Paramo,Juan Rulfo,Novela ,9
LaCams12,Pride and Prejudice,Jane Austen,Académico,7
oguh,Quantum Mechanics: Non-Relativistic Theory,,Novela,10
pabs,Rayuela,Julio Cortazar,Realismo mágico,5
lucluc,Ser y tiempo,Martin Heidegger,Novela,3
laz38,Solo quedó nuestra historia,Adam Silvera,Académico,5
laz38,Spivak-Calulus,Spivak,Cuento,10
ferS00,The fall of the house of usher,Edgar Allan Poe,Ficción Distópica,2
edgy,1984,George Orwell,Novela,10
LaCams12,"¡Adiós, Cordera!",Leooldo Alas,Fantasia,10
guillexus,100 años de soledad ,Gabriel Garcia,Fantasia,10
Arielin98,1Q84,Murakami,Fantasia,8
guillexus,Amor en tiempos de Colera,Gabriel Garcia,Cuento,8
Alex_27,Crimen y castigo,Flodor Dostyyevski,Novela,9
lucluc,Do androids dream of electric sheep?,Philip Dick,Novela ,10
oguh,El Aleph,Jorge Luis Borges,Wuxia,8
MrBruce,El asesinato de pitágoras,Marcos Chicot,Ciencia Ficcion,3
oguh,El Lobo Estepario,Hermann Hesse,Cuento,8
MrBruce,El Periquillo de Sarniento,Lizardi,Ficción Doméstica,9
MrBruce,El psicoanalista,John Katzenbach,Novela,1
Yeu,Enders Game,Orson,Ciencia Ficcion,10
Dafelicioso,Farenheit 451,Ray Bradbury,Cuento,1
MrBruce,Hábitos Atómicos,James Clear,Realismo mágico,3
kikin01,Historia de Dos Ciudades,Charles Dickens,Novela,9
lucluc,La cancion de Aquiles,Madeline Miller,Novela,5
lucluc,La casa de Bernarda Alba,Garcia Lorca,Novela Realista,8
oguh,La guerra de los mundos,H. G. Wells,Novela,7
edgy,La semana de colores,Elena Garro,Novela,10
LaCams12,La Sombra del Viento,Carlos Ruiz Zafon,Ciencia Ficcion,6
laz38,Lazarillo de Tormes,Anonimo,Ciencia Ficcion,8
guillexus,Los Hermanos Karamazov,Dostoyevski,Novela,8
lucluc,Neverwhere,Neil Gaiman,Novela,10
Alex_27,On the road,Jack Kerouac,Novela,10
Dafelicioso,Pride and Prejudice,Jane Austen,Ciencia Ficcion,10
laz38,Quantum Mechanics: Non-Relativistic Theory,,Cuento,5
ferA99,Rayuela,Julio Cortazar,Thriller histórico,3
kikin01,Spivak-Calulus,Spivak,Novela,4
Alex_27,Testimonios sobre Mariana,Elena Garro,Novela,8
edgy,The catcher in the rye,Salinger,Novela,10
OctaH,The Classical Theory of Fields,Landau,Novela,7
Dafelicioso,The fall of the house of usher,Edgar Allan Poe,Cuento,9
guillexus,The Handmaid's Tale,Margaret Artwood,Thriller,3
laz38,The Lord of the Rings The Fellowship of the Ring,Tolkien,Novela,10
Yeu,The Physician,Noah Gordon,Cuento,3
Arielin98,The Second Coming of Gluttony,Ro Yu-jin,Novela,5
ferA99,The tell-tale heart,Edgar Allan Poe,Cuento,5
pabs,To Kill A Mockingbird,Harper Lee,Cuento,10
edu18,Un mundo feliz,Aldous Huxley,Ficción Distópica,8
pabs,Una educación,Tara Westlover,Ensayo,10
pabs,Valis,K. Dick,Cuento,5
ferA99,The Lord of the Rings The Fellowship of the Ring,Tolkien,Divulgación,10
edu18,The Lord of the Rings The Two Towers,Tolkien,Autoayuda,10
pabs,The Pillars of the Earth,Ken Follett,Fantasia,8
lucluc,The Second Coming of Gluttony,Ro Yu-jin,Xianxia,9
Dafelicioso,The tell-tale heart,Edgar Allan Poe,Novela,10
oguh,Ulises,James Joyce,Teatro,10
Yeu,Un hogar solido ,Elena Garro,Tragedia,10
Dafelicioso,Una educación,Tara Westlover,Novela,10
MarceCL,"¡Adiós, Cordera!",Leooldo Alas,Ciencia Ficcion,2
edu18,1Q84,Murakami,Novela,10
LaCams12,Amor en tiempos de Colera,Gabriel Garcia,Novela,2
MrBruce,Anna Karenina,Leon Tolstoi,Ciencia Ficcion,6
ferA99,Bajo la rueda ,Hermann Hesse,Cuento,7
LaCams12,Crimen y castigo,Flodor Dostyyevski,Cuento,9
MrBruce,Doña Perfecta,Benito Perez,Misterio,10
edu18,Dune,Frank Herbert,Novela,3
pabs,El Aleph,Jorge Luis Borges,Novela Filosófica,6
LaCams12,El Lobo Estepario,Hermann Hesse,Realismo mágico,10
OctaH,El perfume,Patrick Süskind,Académico,7
pabs,El principito,Saint Euxpery,Fantasia Oscura,7
ferS00,El señor de las moscas,Willian Golding,Novela,10
OctaH,El Tapiz Amarillo,Charlotte Perkins Gilman,Suspenso,6
MrBruce,Enders Game,Orson,Teatro,8
oguh,Farenheit 451,Ray Bradbury,Novela,1
lucluc,Ficciones,Jorge Luis Borges,Novela,10
kikin01,I Shall Seal the Heavens,Anonimo,Académico,1
MrBruce,La cancion de Aquiles,Madeline Miller,Novela,9
oguh,La Gitanilla,Miguel de Cervantes,Ensayo,10
pabs,La guerra de los mundos,H. G. Wells,Novela ,10
guillexus,La insoportable levedad del ser,Milan Kundera,Académico,9
pabs,Lazarillo de Tormes,Anonimo,Novela,10
laz38,Los Recuerdos del Porvenir,Elena Garro,Realismo mágico,10
MarceCL,Modern Quantum Mechanics,Sakurai,Novela,9
oguh,Neverwhere,Neil Gaiman,Académico,1
edu18,One Shot,Lee Child,Cuento,4
MrBruce,100 años de soledad ,Gabriel Garcia,Ficción Distópica,10
edgy,Amor en tiempos de Colera,Gabriel Garcia,Novela,10
Yeu,Anna Karenina,Leon Tolstoi,Fantasia,7
Alex_27,Doña Perfecta,Benito Perez,Fantasia,8
LaCams12,El Aleph,Jorge Luis Borges,Fantasia,10
oguh,El asesinato de pitágoras,Marcos Chicot,Cuento,5
lucluc,El coronel no tiene quien le escriba,Gabriel Garcia,Novela,8
Arielin98,El Periquillo de Sarniento,Lizardi,Novela ,6
kikin01,El psicoanalista,John Katzenbach,Wuxia,10
guillexus,El Tapiz Amarillo,Charlotte Perkins Gilman,Ciencia Ficcion,10
edu18,Enders Game,Orson,Cuento,8
Arielin98,Exhalation,Ted Chiang,Ficción Doméstica,10
Alex_27,Ficciones,Jorge Luis Borges,Novela,6
LaCams12,Física de lo imposible,Michio Kaku,Novela,3
lucluc,Hábitos Atómicos,James Clear,Teatro,10
MarceCL,I Shall Seal the Heavens,Anonimo,Ciencia Ficcion,9
LaCams12,La casa de Bernarda Alba,Garcia Lorca,Autobiografía,4
Arielin98,La Dama de las Camelias,Alexandre Dumas,Ciencia Ficcion,4
pabs,La Gitanilla,Miguel de Cervantes,Novela,2
ferS00,La insoportable levedad del ser,Milan Kundera,Teatro,10
laz38,La semana de colores,Elena Garro,Ciencia Ficcion,7
ferS00,La Sombra del Viento,Carlos Ruiz Zafon,Ciencia Ficcion,9
laz38,Modern Quantum Mechanics,Sakurai,Cuento,2
edgy,Neverwhere,Neil Gaiman,Realismo mágico,5
MarceCL,On the road,Jack Kerouac,Novela,10
Alex_27,Othello,William Shakespeare,Novela,5
edgy,Rayuela,Julio Cortazar,Novela Realista,7
edu18,Solo quedó nuestra historia,Adam Silvera,Novela,8
laz38,Temporada de Huracanes,Fernanda Melchor,Novela,9
LaCams12,Testimonios sobre Mariana,Elena Garro,Ciencia Ficcion,10
Dafelicioso,The catcher in the rye,Salinger,Ciencia Ficcion,10
lucluc,The Lord of the Rings The Fellowship of the Ring,Tolkien,Novela,10
ferA99,The Sirens of Titan,Kurt Vonnegut,Novela,10
laz38,The tell-tale heart,Edgar Allan Poe,Novela,8
edu18,Travesuras de la niña mala,Mario Vargas,Ciencia Ficcion,10
OctaH,Ulises,James Joyce,Cuento,10
LaCams12,Un mundo feliz,Aldous Huxley,Thriller histórico,2
ferA99,Valis,K. Dick,Novela,8
lucluc,1Q84,Murakami,Novela,9
MarceCL,Crónicas marcianas,Ray Bradbury,Novela,10
laz38,Do androids dream of electric sheep?,Philip Dick,Novela,3
OctaH,Drácula,Bram Stoker,Cuento,10
MarceCL,Dune,Frank Herbert,Thriller,8
ferA99,El Aleph,Jorge Luis Borges,Novela,10
edgy,El asesinato de pitágoras,Marcos Chicot,Cuento,10
Alex_27,El Lobo Estepario,Hermann Hesse,Novela,2
Yeu,El perfume,Patrick Süskind,Cuento,10
ferS00,El principito,Saint Euxpery,Cuento,10
MarceCL,El señor de las moscas,Willian Golding,Ficción Distópica,10
edgy,El Tapiz Amarillo,Charlotte Perkins Gilman,Ensayo,10
pabs,"Erecciones, eyaculaciones, exhibiciones",Charles Bukowski,Cuento,10
ferS00,Farenheit 451,Ray Bradbury,Divulgación,9
OctaH,Ficciones,Jorge Luis Borges,Autoayuda,3
Alex_27,Hábitos Atómicos,James Clear,Fantasia,6
ferS00,Harry Potter,J. K. Rowling,Xianxia,9
guillexus,I Shall Seal the Heavens,Anonimo,Novela,4
pabs,La casa de Bernarda Alba,Garcia Lorca,Teatro,4
LaCams12,La guerra de los mundos,H. G. Wells,Tragedia,10
ferA99,La Historia del Rey Transparente,Rosa Montero,Novela,3
kikin01,La maquina del tiempo,H. G. Wells,Ciencia Ficcion,10
lucluc,La metamorfosis,Franz Kakfa,Novela,4
laz38,Los Hermanos Karamazov,Dostoyevski,Novela,10
lucluc,Los Recuerdos del Porvenir,Elena Garro,Ciencia Ficcion,10
OctaH,Neverwhere,Neil Gaiman,Cuento,6
edgy,On the road,Jack Kerouac,Cuento,6
LaCams12,Pedro Paramo,Juan Rulfo,Misterio,9
edu18,Pride and Prejudice,Jane Austen,Novela,4
edgy,Ser y tiempo,Martin Heidegger,Novela Filosófica,10
pabs,Siddharta,Hermann Hesse,Realismo mágico,10
LaCams12,Solo quedó nuestra historia,Adam Silvera,Académico,10
ferS00,Testimonios sobre Mariana,Elena Garro,Fantasia Oscura,2
guillexus,The Classical Theory of Fields,Landau,Novela,8
MarceCL,The fall of the house of usher,Edgar Allan Poe,Suspenso,8
oguh,The Handmaid's Tale,Margaret Artwood,Teatro,10
edgy,The Lord of the Rings The Two Towers,Tolkien,Novela,7
lucluc,The Physician,Noah Gordon,Novela,10
Alex_27,The Sirens of Titan,Kurt Vonnegut,Académico,3
LaCams12,Travesuras de la niña mala,Mario Vargas,Novela,10
kikin01,"¡Adiós, Cordera!",Leooldo Alas,Ensayo,8
Yeu,100 años de soledad ,Gabriel Garcia,Novela ,7
laz38,Bajo la rueda ,Hermann Hesse,Académico,8
OctaH,Crónicas marcianas,Ray Bradbury,Novela,4
edgy,Doña Perfecta,Benito Perez,Realismo mágico,10
Arielin98,Dune,Frank Herbert,Novela,1
guillexus,El coronel no tiene quien le escriba,Gabriel Garcia,Académico,3
lucluc,El perfume,Patrick Süskind,Cuento,10
Dafelicioso,Exhalation,Ted Chiang,Ficción Distópica,10
guillexus,Fenomenología del espíritu,Hegel ,Novela,10
Alex_27,Física de lo imposible,Michio Kaku,Fantasia,10
edgy,Hábitos Atómicos,James Clear,Fantasia,4
edgy,La casa de Bernarda Alba,Garcia Lorca,Fantasia,10
ferA99,La Dama de las Camelias,Alexandre Dumas,Cuento,7
MarceCL,La Gitanilla,Miguel de Cervantes,Novela,9
Dafelicioso,La insoportable levedad del ser,Milan Kundera,Novela ,10
ferS00,La maquina del tiempo,H. G. Wells,Wuxia,9
oguh,La metamorfosis,Franz Kakfa,Ciencia Ficcion,10
Dafelicioso,On the road,Jack Kerouac,Cuento,7
MrBruce,One Shot,Lee Child,Ficción Doméstica,9
MarceCL,Pedro Paramo,Juan Rulfo,Novela,10
guillexus,Rayuela,Julio Cortazar,Novela,4
ferA99,Siddharta,Hermann Hesse,Teatro,5
ferS00,Spivak-Calulus,Spivak,Ciencia Ficcion,2
MrBruce,Testimonios sobre Mariana,Elena Garro,Autobiografía,10
edgy,The Classical Theory of Fields,Landau,Ciencia Ficcion,6
MarceCL,The Handmaid's Tale,Margaret Artwood,Autobiografía,10
pabs,The Lord of the Rings The Fellowship of the Ring,Tolkien,Ciencia Ficcion,10
OctaH,The Lord of the Rings The Return of the King,Tolkien,Ciencia Ficcion,5
Yeu,The Lord of the Rings The Two Towers,Tolkien,Cuento,8
oguh,The Physician,Noah Gordon,Realismo mágico,10
OctaH,The Second Coming of Gluttony,Ro Yu-jin,Novela,10
OctaH,Travesuras de la niña mala,Mario Vargas,Novela,3
MrBruce,Un hogar solido ,Elena Garro,Novela Realista,9
MarceCL,Una educación,Tara Westlover,Novela,8
laz38,1984,George Orwell,Novela,1
MarceCL,Anna Karenina,Leon Tolstoi,Ciencia Ficcion,10
edu18,Bajo la rueda ,Hermann Hesse,Ciencia Ficcion,10
MarceCL,Crimen y castigo,Flodor Dostyyevski,Novela,10
Alex_27,Crónicas marcianas,Ray Bradbury,Novela,10
Arielin98,El Aleph,Jorge Luis Borges,Novela,8
edu18,El asesinato de pitágoras,Marcos Chicot,Ciencia Ficcion,10
Arielin98,El perfume,Patrick Süskind,Cuento,9
pabs,El Tapiz Amarillo,Charlotte Perkins Gilman,Thriller histórico,9
edgy,Exhalation,Ted Chiang,Novela,9
Alex_27,Farenheit 451,Ray Bradbury,Novela,9
MarceCL,Ficciones,Jorge Luis Borges,Novela,8
Arielin98,Harry Potter,J. K. Rowling,Novela,5
Yeu,Historia de Dos Ciudades,Charles Dickens,Cuento,2
Dafelicioso,La casa de Bernarda Alba,Garcia Lorca,Thriller,8
OctaH,La metamorfosis,Franz Kakfa,Novela,10
MarceCL,Lazarillo de Tormes,Anonimo,Cuento,9
LaCams12,One Shot,Lee Child,Novela,10
Yeu,Othello,William Shakespeare,Cuento,10
edgy,Siddharta,Hermann Hesse,Cuento,10
Arielin98,Testimonios sobre Mariana,Elena Garro,Ficción Distópica,2
Alex_27,Travesuras de la niña mala,Mario Vargas,Ensayo,10
ferS00,Un mundo feliz,Aldous Huxley,Cuento,5
Dafelicioso,Valis,K. Dick,Divulgación,10
ferS00,1984,George Orwell,Autoayuda,10
Dafelicioso,"¡Adiós, Cordera!",Leooldo Alas,Fantasia,5
MarceCL,1Q84,Murakami,Xianxia,9
Alex_27,Amor en tiempos de Colera,Gabriel Garcia,Novela,8
Dafelicioso,Anna Karenina,Leon Tolstoi,Teatro,10
guillexus,Bajo la rueda ,Hermann Hesse,Tragedia,9
Arielin98,Crimen y castigo,Flodor Dostyyevski,Novela,8
guillexus,Do androids dream of electric sheep?,Philip Dick,Ciencia Ficcion,5
Yeu,El asesinato de pitágoras,Marcos Chicot,Novela,9
oguh,El coronel no tiene quien le escriba,Gabriel Garcia,Novela,1
oguh,El Periquillo de Sarniento,Lizardi,Ciencia Ficcion,10
edu18,El principito,Saint Euxpery,Cuento,8
OctaH,El psicoanalista,John Katzenbach,Cuento,2
kikin01,"Erecciones, eyaculaciones, exhibiciones",Charles Bukowski,Misterio,4
guillexus,Hábitos Atómicos,James Clear,Novela,10
OctaH,Historia de Dos Ciudades,Charles Dickens,Novela Filosófica,10
OctaH,I Shall Seal the Heavens,Anonimo,Realismo mágico,10
LaCams12,La cancion de Aquiles,Madeline Miller,Académico,10
kikin01,La guerra de los mundos,H. G. Wells,Fantasia Oscura,10
Alex_27,La maquina del tiempo,H. G. Wells,Novela,10
lucluc,Modern Quantum Mechanics,Sakurai,Suspenso,8
ferS00,One Shot,Lee Child,Teatro,4
edu18,Othello,William Shakespeare,Novela,8
guillexus,Pedro Paramo,Juan Rulfo,Novela,9
pabs,Quantum Mechanics: Non-Relativistic Theory,,Académico,10
OctaH,Rayuela,Julio Cortazar,Novela,10
lucluc,Temporada de Huracanes,Fernanda Melchor,Ensayo,10
OctaH,The Lord of the Rings The Two Towers,Tolkien,Novela ,1
Alex_27,The Pillars of the Earth,Ken Follett,Académico,2
kikin01,To Kill A Mockingbird,Harper Lee,Novela,10
laz38,100 años de soledad ,Gabriel Garcia,Realismo mágico,10
OctaH,Amor en tiempos de Colera,Gabriel Garcia,Novela,5
Yeu,Do androids dream of electric sheep?,Philip Dick,Académico,8
MrBruce,Drácula,Bram Stoker,Cuento,8
kikin01,El perfume,Patrick Süskind,Ficción Distópica,10
Alex_27,El psicoanalista,John Katzenbach,Novela,10
LaCams12,El señor de las moscas,Willian Golding,Ciencia Ficcion,10
LaCams12,Enders Game,Orson,Cuento,8
Dafelicioso,La Historia del Rey Transparente,Rosa Montero,Realismo mágico,5
OctaH,Harry Potter,J. K. Rowling,Novela,8
edu18,El Lobo Estepario,Hermann Hesse,Novela,2
OctaH,The Lord of the Rings The Fellowship of the Ring,Tolkien,Novela Realista,10
pabs,One Shot,Lee Child,Novela,9
guillexus,El psicoanalista,John Katzenbach,Novela,10
Dafelicioso,The Classical Theory of Fields,Landau,Ciencia Ficcion,9
ferA99,La semana de colores,Elena Garro,Ciencia Ficcion,10
Dafelicioso,Los Recuerdos del Porvenir,Elena Garro,Novela,2
Alex_27,Los Hermanos Karamazov,Dostoyevski,Novela,4
Arielin98,El principito,Saint Euxpery,Novela,8
pabs,The Physician,Noah Gordon,Ciencia Ficcion,10
lucluc,El Aleph,Jorge Luis Borges,Cuento,9
MarceCL,Exhalation,Ted Chiang,Thriller histórico,10
kikin01,Ficciones,Jorge Luis Borges,Novela,10
MrBruce,Ser y tiempo,Martin Heidegger,Novela,8
ferA99,Crónicas marcianas,Ray Bradbury,Novela,7
OctaH,Los Hermanos Karamazov,Dostoyevski,Novela,6
Arielin98,Temporada de Huracanes,Fernanda Melchor,Cuento,5
Dafelicioso,The Sirens of Titan,Kurt Vonnegut,Thriller,3
kikin01,The Lord of the Rings The Two Towers,Tolkien,Novela,10
Dafelicioso,El perfume,Patrick Süskind,Cuento,4
ferA99,El Periquillo de Sarniento,Lizardi,Novela,4
Arielin98,On the road,Jack Kerouac,Cuento,10
lucluc,The Sirens of Titan,Kurt Vonnegut,Cuento,7
MarceCL,The Lord of the Rings The Return of the King,Tolkien,Ficción Distópica,10
oguh,The catcher in the rye,Salinger,Ensayo,8
pabs,The catcher in the rye,Salinger,Cuento,9
pabs,The Lord of the Rings The Return of the King,Tolkien,Divulgación,7
edu18,Temporada de Huracanes,Fernanda Melchor,Autoayuda,9
MarceCL,Neverwhere,Neil Gaiman,Fantasia,9
OctaH,Un hogar solido ,Elena Garro,Xianxia,7
OctaH,Ser y tiempo,Martin Heidegger,Novela,10
guillexus,The Second Coming of Gluttony,Ro Yu-jin,Teatro,10
MarceCL,Travesuras de la niña mala,Mario Vargas,Tragedia,8
pabs,Drácula,Bram Stoker,Novela,10
OctaH,"Erecciones, eyaculaciones, exhibiciones",Charles Bukowski,Ciencia Ficcion,7
lucluc,The fall of the house of usher,Edgar Allan Poe,Novela,6
ferA99,Othello,William Shakespeare,Novela,2
pabs,La Sombra del Viento,Carlos Ruiz Zafon,Ciencia Ficcion,10
edgy,100 años de soledad ,Gabriel Garcia,Cuento,9
Alex_27,Modern Quantum Mechanics,Sakurai,Cuento,4
MarceCL,Valis,K. Dick,Misterio,8
LaCams12,Un hogar solido ,Elena Garro,Novela,9
pabs,Farenheit 451,Ray Bradbury,Novela Filosófica,1
lucluc,The Classical Theory of Fields,Landau,Realismo mágico,10
edu18,Spivak-Calulus,Spivak,Académico,8
oguh,Lazarillo de Tormes,Anonimo,Fantasia Oscura,6
edu18,Crimen y castigo,Flodor Dostyyevski,Novela,9
MarceCL,Pride and Prejudice,Jane Austen,Suspenso,10
OctaH,The masque of the red death,Edgar Allan Poe,Teatro,2
Alex_27,1984,George Orwell,Novela,9
pabs,El coronel no tiene quien le escriba,Gabriel Garcia,Novela,10
Alex_27,The fall of the house of usher,Edgar Allan Poe,Académico,3
OctaH,El coronel no tiene quien le escriba,Gabriel Garcia,Novela,10
edgy,La insoportable levedad del ser,Milan Kundera,Ensayo,9
ferS00,Do androids dream of electric sheep?,Philip Dick,Novela ,10
oguh,Un hogar solido ,Elena Garro,Académico,10
pabs,La semana de colores,Elena Garro,Novela,6
Arielin98,Fenomenología del espíritu,Hegel ,Realismo mágico,10
Alex_27,Pedro Paramo,Juan Rulfo,Novela,10
ferS00,Ulises,James Joyce,Académico,8
Dafelicioso,La Gitanilla,Miguel de Cervantes,Cuento,5
edu18,Anna Karenina,Leon Tolstoi,Ficción Distópica,3
ferA99,"¡Adiós, Cordera!",Leooldo Alas,Novela,3
edu18,Historia de Dos Ciudades,Charles Dickens,Fantasia,1
Yeu,Harry Potter,J. K. Rowling,Fantasia,2
MarceCL,One Shot,Lee Child,Fantasia,8
edgy,Quantum Mechanics: Non-Relativistic Theory,,Cuento,10
oguh,Historia de Dos Ciudades,Charles Dickens,Novela,8
kikin01,Rayuela,Julio Cortazar,Novela ,6
pabs,The tell-tale heart,Edgar Allan Poe,Wuxia,10
OctaH,"¡Adiós, Cordera!",Leooldo Alas,Ciencia Ficcion,7
ferS00,The Pillars of the Earth,Ken Follett,Cuento,8
Yeu,Dune,Frank Herbert,Ficción Doméstica,9
MrBruce,The tell-tale heart,Edgar Allan Poe,Novela,9
Yeu,Una educación,Tara Westlover,Novela,9
guillexus,The masque of the red death,Edgar Allan Poe,Teatro,10
lucluc,Farenheit 451,Ray Bradbury,Ciencia Ficcion,4
edgy,Pedro Paramo,Juan Rulfo,Autobiografía,10
MarceCL,El psicoanalista,John Katzenbach,Ciencia Ficcion,10
MrBruce,To Kill A Mockingbird,Harper Lee,Fantasia,10
ferA99,La insoportable levedad del ser,Milan Kundera,Fantasia,10
ferA99,La metamorfosis,Franz Kakfa,Fantasia,8
OctaH,Fenomenología del espíritu,Hegel ,Cuento,9
edu18,The Lord of the Rings The Fellowship of the Ring,Tolkien,Novela,3
ferA99,La Gitanilla,Miguel de Cervantes,Novela ,8
oguh,Othello,William Shakespeare,Wuxia,10
Arielin98,Rayuela,Julio Cortazar,Ciencia Ficcion,3
Arielin98,La Historia del Rey Transparente,Rosa Montero,Cuento,8
laz38,1Q84,Murakami,Ficción Doméstica,7
laz38,Ulises,James Joyce,Novela,8
lucluc,Siddharta,Hermann Hesse,Novela,10
edgy,Spivak-Calulus,Spivak,Teatro,8
edu18,Harry Potter,J. K. Rowling,Ciencia Ficcion,5
lucluc,Anna Karenina,Leon Tolstoi,Autobiografía,10
Dafelicioso,La Dama de las Camelias,Alexandre Dumas,Ciencia Ficcion,5
edgy,Testimonios sobre Mariana,Elena Garro,Cuento,9
edgy,The Lord of the Rings The Return of the King,Tolkien,Realismo mágico,10
laz38,I Shall Seal the Heavens,Anonimo,Novela,10
kikin01,The tell-tale heart,Edgar Allan Poe,Novela,10
MrBruce,Ficciones,Jorge Luis Borges,Novela Realista,6
Dafelicioso,One Shot,Lee Child,Novela,10
Dafelicioso,Crimen y castigo,Flodor Dostyyevski,Novela,3
lucluc,El señor de las moscas,Willian Golding,Ciencia Ficcion,2
edu18,El Tapiz Amarillo,Charlotte Perkins Gilman,Ciencia Ficcion,3
guillexus,Exhalation,Ted Chiang,Novela,10
guillexus,Ficciones,Jorge Luis Borges,Novela,3
Yeu,I Shall Seal the Heavens,Anonimo,Novela,2
pabs,La Historia del Rey Transparente,Rosa Montero,Ciencia Ficcion,10
lucluc,La insoportable levedad del ser,Milan Kundera,Cuento,1
ferS00,Lazarillo de Tormes,Anonimo,Thriller histórico,10
pabs,Neverwhere,Neil Gaiman,Novela,9
Alex_27,Quantum Mechanics: Non-Relativistic Theory,,Novela,1
ferA99,Spivak-Calulus,Spivak,Novela,10
Alex_27,Temporada de Huracanes,Fernanda Melchor,Novela,4
MrBruce,The fall of the house of usher,Edgar Allan Poe,Cuento,10
ferA99,The Handmaid's Tale,Margaret Artwood,Thriller,8
ferA99,The masque of the red death,Edgar Allan Poe,Novela,10
laz38,The Physician,Noah Gordon,Cuento,3
LaCams12,The Pillars of the Earth,Ken Follett,Novela,7
MarceCL,The Sirens of Titan,Kurt Vonnegut,Cuento,10
lucluc,"¡Adiós, Cordera!",Leooldo Alas,Cuento,10
ferS00,1Q84,Murakami,Ficción Distópica,7
Alex_27,Anna Karenina,Leon Tolstoi,Ensayo,10
Alex_27,Drácula,Bram Stoker,Cuento,10
edu18,El Periquillo de Sarniento,Lizardi,Divulgación,8
MarceCL,El principito,Saint Euxpery,Autoayuda,9
OctaH,Farenheit 451,Ray Bradbury,Fantasia,4
Dafelicioso,Fenomenología del espíritu,Hegel ,Xianxia,3
ferS00,Física de lo imposible,Michio Kaku,Novela,10
ferA99,La casa de Bernarda Alba,Garcia Lorca,Teatro,10
MrBruce,La Dama de las Camelias,Alexandre Dumas,Tragedia,2
Dafelicioso,La guerra de los mundos,H. G. Wells,Novela,10
Yeu,La maquina del tiempo,H. G. Wells,Ciencia Ficcion,9
guillexus,Siddharta,Hermann Hesse,Novela,4
pabs,Temporada de Huracanes,Fernanda Melchor,Novela,10
LaCams12,The Classical Theory of Fields,Landau,Ciencia Ficcion,3
OctaH,The Handmaid's Tale,Margaret Artwood,Cuento,8
Alex_27,The Lord of the Rings The Fellowship of the Ring,Tolkien,Cuento,1
LaCams12,The Lord of the Rings The Return of the King,Tolkien,Misterio,8
ferS00,The Physician,Noah Gordon,Novela,10
Yeu,To Kill A Mockingbird,Harper Lee,Novela Filosófica,4
OctaH,Dune,Frank Herbert,Realismo mágico,10
LaCams12,El principito,Saint Euxpery,Académico,10
MrBruce,La Gitanilla,Miguel de Cervantes,Fantasia Oscura,9
edgy,La Historia del Rey Transparente,Rosa Montero,Novela,10
kikin01,La Sombra del Viento,Carlos Ruiz Zafon,Suspenso,8
LaCams12,Modern Quantum Mechanics,Sakurai,Ciencia Ficcion,10
ferS00,Othello,William Shakespeare,Cuento,2
Alex_27,Rayuela,Julio Cortazar,Realismo mágico,10
Dafelicioso,Testimonios sobre Mariana,Elena Garro,Novela,4
LaCams12,The Handmaid's Tale,Margaret Artwood,Novela,9
Arielin98,"¡Adiós, Cordera!",Leooldo Alas,Novela Realista,1
Dafelicioso,100 años de soledad ,Gabriel Garcia,Novela,9
Dafelicioso,Amor en tiempos de Colera,Gabriel Garcia,Novela,4
oguh,Crimen y castigo,Flodor Dostyyevski,Ciencia Ficcion,4
Arielin98,Crónicas marcianas,Ray Bradbury,Ciencia Ficcion,9
edu18,Do androids dream of electric sheep?,Philip Dick,Novela,1
ferS00,El psicoanalista,John Katzenbach,Novela,8
Arielin98,El Tapiz Amarillo,Charlotte Perkins Gilman,Novela,2
OctaH,La Historia del Rey Transparente,Rosa Montero,Ciencia Ficcion,6
Yeu,La metamorfosis,Franz Kakfa,Cuento,8
MrBruce,Los Hermanos Karamazov,Dostoyevski,Thriller histórico,8
MrBruce,Pride and Prejudice,Jane Austen,Novela,1
ferS00,Temporada de Huracanes,Fernanda Melchor,Novela,10
Dafelicioso,The Pillars of the Earth,Ken Follett,Novela,4
MarceCL,Un hogar solido ,Elena Garro,Novela,7
laz38,Una educación,Tara Westlover,Cuento,9
MrBruce,The Lord of the Rings The Return of the King,Tolkien,Thriller,1
ferS00,The tell-tale heart,Edgar Allan Poe,Novela,10
laz38,Travesuras de la niña mala,Mario Vargas,Cuento,10
Yeu,Amor en tiempos de Colera,Gabriel Garcia,Novela,3
ferA99,El asesinato de pitágoras,Marcos Chicot,Cuento,8
MrBruce,El principito,Saint Euxpery,Cuento,8
OctaH,La Gitanilla,Miguel de Cervantes,Ficción Distópica,9
Yeu,La Historia del Rey Transparente,Rosa Montero,Ensayo,7
Arielin98,La maquina del tiempo,H. G. Wells,Cuento,10
ferS00,La metamorfosis,Franz Kakfa,Divulgación,9
ferA99,Neverwhere,Neil Gaiman,Autoayuda,8
lucluc,100 años de soledad ,Gabriel Garcia,Fantasia,10
ferS00,Amor en tiempos de Colera,Gabriel Garcia,Xianxia,9
laz38,Crónicas marcianas,Ray Bradbury,Novela,4
guillexus,El principito,Saint Euxpery,Teatro,6
ferA99,"Erecciones, eyaculaciones, exhibiciones",Charles Bukowski,Tragedia,10
lucluc,Física de lo imposible,Michio Kaku,Novela,2
lucluc,I Shall Seal the Heavens,Anonimo,Ciencia Ficcion,10
ferS00,La Dama de las Camelias,Alexandre Dumas,Novela,10
edu18,La guerra de los mundos,H. G. Wells,Novela,5
kikin01,Lazarillo de Tormes,Anonimo,Ciencia Ficcion,3
ferA99,Ser y tiempo,Martin Heidegger,Cuento,10
Arielin98,Siddharta,Hermann Hesse,Cuento,10
Dafelicioso,Solo quedó nuestra historia,Adam Silvera,Misterio,1
MarceCL,The Physician,Noah Gordon,Novela,8
Alex_27,The Second Coming of Gluttony,Ro Yu-jin,Novela Filosófica,4
MrBruce,The Sirens of Titan,Kurt Vonnegut,Realismo mágico,10
ferA99,To Kill A Mockingbird,Harper Lee,Académico,9
ferA99,Doña Perfecta,Benito Perez,Fantasia Oscura,8
Alex_27,El asesinato de pitágoras,Marcos Chicot,Novela,2
lucluc,El Lobo Estepario,Hermann Hesse,Suspenso,8
pabs,El Periquillo de Sarniento,Lizardi,Teatro,10
oguh,Enders Game,Orson,Novela,10
edu18,"Erecciones, eyaculaciones, exhibiciones",Charles Bukowski,Novela,9
guillexus,Física de lo imposible,Michio Kaku,Académico,8
ferS00,Hábitos Atómicos,James Clear,Novela,10
LaCams12,Lazarillo de Tormes,Anonimo,Ensayo,9
MrBruce,On the road,Jack Kerouac,Novela ,8
edu18,Testimonios sobre Mariana,Elena Garro,Académico,10
MrBruce,The Classical Theory of Fields,Landau,Novela,6
laz38,The Lord of the Rings The Return of the King,Tolkien,Realismo mágico,8
Alex_27,The masque of the red death,Edgar Allan Poe,Novela,5
LaCams12,The Sirens of Titan,Kurt Vonnegut,Académico,10
OctaH,To Kill A Mockingbird,Harper Lee,Cuento,6
ferA99,Un mundo feliz,Aldous Huxley,Ficción Distópica,10
ferS00,"¡Adiós, Cordera!",Leooldo Alas,Novela,8
lucluc,Crimen y castigo,Flodor Dostyyevski,Fantasia,5
edgy,Drácula,Bram Stoker,Fantasia,8
guillexus,El Lobo Estepario,Hermann Hesse,Fantasia,1
ferA99,El señor de las moscas,Willian Golding,Cuento,1
Yeu,El Tapiz Amarillo,Charlotte Perkins Gilman,Novela,10
oguh,Ficciones,Jorge Luis Borges,Novela ,10
laz38,Física de lo imposible,Michio Kaku,Wuxia,8
MarceCL,La metamorfosis,Franz Kakfa,Ciencia Ficcion,10
MrBruce,Othello,William Shakespeare,Cuento,10
Yeu,Pedro Paramo,Juan Rulfo,Ficción Doméstica,2
edgy,Pride and Prejudice,Jane Austen,Novela,6
Dafelicioso,Temporada de Huracanes,Fernanda Melchor,Novela,10
ferA99,The catcher in the rye,Salinger,Teatro,10
edgy,The fall of the house of usher,Edgar Allan Poe,Ciencia Ficcion,5
guillexus,The Sirens of Titan,Kurt Vonnegut,Autobiografía,10
ferA99,Ulises,James Joyce,Ciencia Ficcion,9
edu18,Un hogar solido ,Elena Garro,Ciencia Ficcion,1
edgy,Un mundo feliz,Aldous Huxley,Cuento,8
edgy,El Lobo Estepario,Hermann Hesse,Realismo mágico,10
Dafelicioso,El Periquillo de Sarniento,Lizardi,Novela,10
ferA99,El psicoanalista,John Katzenbach,Novela,10
ferS00,Enders Game,Orson,Novela Realista,10
edgy,Fenomenología del espíritu,Hegel ,Novela,10
Alex_27,Harry Potter,J. K. Rowling,Novela,10
laz38,La insoportable levedad del ser,Milan Kundera,Ciencia Ficcion,3
Arielin98,Lazarillo de Tormes,Anonimo,Ciencia Ficcion,10
MarceCL,Los Recuerdos del Porvenir,Elena Garro,Novela,10
Arielin98,Ser y tiempo,Martin Heidegger,Novela,3
Alex_27,Solo quedó nuestra historia,Adam Silvera,Novela,8
LaCams12,Temporada de Huracanes,Fernanda Melchor,Ciencia Ficcion,3
Alex_27,To Kill A Mockingbird,Harper Lee,Cuento,8
ferS00,Un hogar solido ,Elena Garro,Thriller histórico,10
ferA99,100 años de soledad ,Gabriel Garcia,Novela,10
OctaH,Bajo la rueda ,Hermann Hesse,Novela,10
Dafelicioso,Dune,Frank Herbert,Novela,10
edu18,Exhalation,Ted Chiang,Novela,9
Dafelicioso,Ficciones,Jorge Luis Borges,Cuento,10
oguh,Hábitos Atómicos,James Clear,Thriller,4
oguh,Harry Potter,J. K. Rowling,Novela,8
MarceCL,Historia de Dos Ciudades,Charles Dickens,Cuento,8
Yeu,La cancion de Aquiles,Madeline Miller,Novela,9
MrBruce,La insoportable levedad del ser,Milan Kundera,Cuento,9
guillexus,La maquina del tiempo,H. G. Wells,Cuento,10
guillexus,La Sombra del Viento,Carlos Ruiz Zafon,Ficción Distópica,6
guillexus,Neverwhere,Neil Gaiman,Ensayo,5
OctaH,On the road,Jack Kerouac,Cuento,10
edu18,Rayuela,Julio Cortazar,Divulgación,10
pabs,The Classical Theory of Fields,Landau,Autoayuda,10
Dafelicioso,The Physician,Noah Gordon,Fantasia,10
OctaH,The tell-tale heart,Edgar Allan Poe,Xianxia,8
guillexus,Una educación,Tara Westlover,Novela,7
ferA99,Do androids dream of electric sheep?,Philip Dick,Teatro,10
pabs,Dune,Frank Herbert,Tragedia,10
edu18,El Aleph,Jorge Luis Borges,Novela,10
Arielin98,Othello,William Shakespeare,Ciencia Ficcion,1
lucluc,Doña Perfecta,Benito Perez,Novela,4
laz38,Dune,Frank Herbert,Novela,10
Alex_27,El Periquillo de Sarniento,Lizardi,Ciencia Ficcion,9
Arielin98,The fall of the house of usher,Edgar Allan Poe,Cuento,7
laz38,La cancion de Aquiles,Madeline Miller,Cuento,7
MrBruce,Los Recuerdos del Porvenir,Elena Garro,Misterio,6
ferS00,I Shall Seal the Heavens,Anonimo,Novela,5
lucluc,Valis,K. Dick,Novela Filosófica,10
oguh,The Lord of the Rings The Return of the King,Tolkien,Realismo mágico,8
ferA99,El principito,Saint Euxpery,Académico,6
edu18,To Kill A Mockingbird,Harper Lee,Fantasia Oscura,5
MrBruce,El perfume,Patrick Süskind,Novela,9
ferS00,Ser y tiempo,Martin Heidegger,Suspenso,1
LaCams12,1984,George Orwell,Teatro,6
edgy,La Sombra del Viento,Carlos Ruiz Zafon,Novela,10
Yeu,Rayuela,Julio Cortazar,Novela,10
Alex_27,Valis,K. Dick,Académico,2
kikin01,El señor de las moscas,Willian Golding,Novela,10
OctaH,Quantum Mechanics: Non-Relativistic Theory,,Ensayo,7
Arielin98,Pedro Paramo,Juan Rulfo,Novela ,10
edgy,Lazarillo de Tormes,Anonimo,Académico,10
oguh,Drácula,Bram Stoker,Novela,10
guillexus,Crimen y castigo,Flodor Dostyyevski,Realismo mágico,10
LaCams12,El coronel no tiene quien le escriba,Gabriel Garcia,Novela,10
Arielin98,The masque of the red death,Edgar Allan Poe,Académico,10
Yeu,El coronel no tiene quien le escriba,Gabriel Garcia,Cuento,1
ferS00,La Gitanilla,Miguel de Cervantes,Ficción Distópica,10
pabs,La Dama de las Camelias,Alexandre Dumas,Novela,6
LaCams12,100 años de soledad ,Gabriel Garcia,Fantasia,10
OctaH,Enders Game,Orson,Fantasia,7
ferA99,Física de lo imposible,Michio Kaku,Fantasia,7
pabs,Spivak-Calulus,Spivak,Cuento,1
ferS00,Historia de Dos Ciudades,Charles Dickens,Novela,9
MrBruce,Quantum Mechanics: Non-Relativistic Theory,,Novela ,1
Alex_27,The Physician,Noah Gordon,Wuxia,10
ferS00,La guerra de los mundos,H. G. Wells,Ciencia Ficcion,8
guillexus,The catcher in the rye,Salinger,Autobiografía,4
OctaH,La Sombra del Viento,Carlos Ruiz Zafon,Novela,10
kikin01,The Handmaid's Tale,Margaret Artwood,Cuento,10
oguh,Fenomenología del espíritu,Hegel ,Novela,4
guillexus,La Gitanilla,Miguel de Cervantes,Ciencia Ficcion,5
ferS00,The Lord of the Rings The Two Towers,Tolkien,Teatro,4
kikin01,La Historia del Rey Transparente,Rosa Montero,Ficción Doméstica,8
Arielin98,La guerra de los mundos,H. G. Wells,Ciencia Ficcion,10
oguh,La Dama de las Camelias,Alexandre Dumas,Ciencia Ficcion,10
ferS00,Anna Karenina,Leon Tolstoi,Cuento,10
ferS00,Drácula,Bram Stoker,Realismo mágico,10
ferS00,El perfume,Patrick Süskind,Novela,3
ferS00,Fenomenología del espíritu,Hegel ,Novela,10
LaCams12,Ficciones,Jorge Luis Borges,Novela Realista,10
lucluc,Historia de Dos Ciudades,Charles Dickens,Novela,4
oguh,La cancion de Aquiles,Madeline Miller,Novela,10
edu18,Los Recuerdos del Porvenir,Elena Garro,Ciencia Ficcion,6
MarceCL,Testimonios sobre Mariana,Elena Garro,Ciencia Ficcion,1
lucluc,The masque of the red death,Edgar Allan Poe,Novela,10
Arielin98,The tell-tale heart,Edgar Allan Poe,Novela,8
MarceCL,Ulises,James Joyce,Novela,8
LaCams12,Anna Karenina,Leon Tolstoi,Ciencia Ficcion,5
ferS00,El asesinato de pitágoras,Marcos Chicot,Cuento,10
ferA99,El perfume,Patrick Süskind,Thriller histórico,10
ferA99,Enders Game,Orson,Novela,8
oguh,Exhalation,Ted Chiang,Novela,10
MrBruce,I Shall Seal the Heavens,Anonimo,Novela,2
kikin01,La semana de colores,Elena Garro,Novela,10
LaCams12,Los Hermanos Karamazov,Dostoyevski,Cuento,4
kikin01,Ser y tiempo,Martin Heidegger,Thriller,8
edu18,The Handmaid's Tale,Margaret Artwood,Novela,10
kikin01,The masque of the red death,Edgar Allan Poe,Cuento,6
lucluc,The tell-tale heart,Edgar Allan Poe,Novela,9
MrBruce,Valis,K. Dick,Cuento,10
Alex_27,Do androids dream of electric sheep?,Philip Dick,Cuento,10
Yeu,La insoportable levedad del ser,Milan Kundera,Ficción Distópica,10
Arielin98,Los Hermanos Karamazov,Dostoyevski,Ensayo,9
ferS00,Doña Perfecta,Benito Perez,Cuento,10
laz38,El Tapiz Amarillo,Charlotte Perkins Gilman,Divulgación,10
OctaH,Física de lo imposible,Michio Kaku,Autoayuda,6
laz38,Harry Potter,J. K. Rowling,Fantasia,8
lucluc,La Sombra del Viento,Carlos Ruiz Zafon,Xianxia,4
guillexus,Solo quedó nuestra historia,Adam Silvera,Novela,8
oguh,The Lord of the Rings The Fellowship of the Ring,Tolkien,Teatro,10
edgy,The Second Coming of Gluttony,Ro Yu-jin,Tragedia,10
laz38,The Sirens of Titan,Kurt Vonnegut,Novela,7
laz38,Exhalation,Ted Chiang,Ciencia Ficcion,8
edu18,La Dama de las Camelias,Alexandre Dumas,Novela,2
Arielin98,La insoportable levedad del ser,Milan Kundera,Novela,10
Alex_27,One Shot,Lee Child,Ciencia Ficcion,10
MrBruce,El Aleph,Jorge Luis Borges,Cuento,10
Alex_27,El señor de las moscas,Willian Golding,Cuento,6
Alex_27,La insoportable levedad del ser,Milan Kundera,Misterio,10
OctaH,Pride and Prejudice,Jane Austen,Novela,10
Yeu,The Lord of the Rings The Return of the King,Tolkien,Novela Filosófica,5
pabs,Un hogar solido ,Elena Garro,Realismo mágico,8
OctaH,Do androids dream of electric sheep?,Philip Dick,Académico,9
edgy,Enders Game,Orson,Fantasia Oscura,9
oguh,"Erecciones, eyaculaciones, exhibiciones",Charles Bukowski,Novela,5
Dafelicioso,Hábitos Atómicos,James Clear,Suspenso,10
MarceCL,La maquina del tiempo,H. G. Wells,Teatro,4
kikin01,Los Recuerdos del Porvenir,Elena Garro,Novela,9
pabs,Pedro Paramo,Juan Rulfo,Novela,8
MarceCL,Siddharta,Hermann Hesse,Académico,8
MarceCL,The Lord of the Rings The Fellowship of the Ring,Tolkien,Novela,10
OctaH,Doña Perfecta,Benito Perez,Ensayo,8
guillexus,El asesinato de pitágoras,Marcos Chicot,Novela ,9
edgy,Física de lo imposible,Michio Kaku,Académico,5
MarceCL,Hábitos Atómicos,James Clear,Novela,10
kikin01,La Gitanilla,Miguel de Cervantes,Realismo mágico,10
OctaH,La maquina del tiempo,H. G. Wells,Novela,10
MrBruce,La Sombra del Viento,Carlos Ruiz Zafon,Académico,10
laz38,Othello,William Shakespeare,Cuento,7
ferS00,Pedro Paramo,Juan Rulfo,Ficción Distópica,10
ferA99,Pride and Prejudice,Jane Austen,Novela,10
ferS00,Quantum Mechanics: Non-Relativistic Theory,,Fantasia,10
oguh,Ser y tiempo,Martin Heidegger,Fantasia,5
pabs,Testimonios sobre Mariana,Elena Garro,Fantasia,9
Alex_27,El Tapiz Amarillo,Charlotte Perkins Gilman,Cuento,5
MarceCL,Física de lo imposible,Michio Kaku,Novela,9
oguh,La casa de Bernarda Alba,Garcia Lorca,Novela ,9
ferS00,La semana de colores,Elena Garro,Wuxia,10
MarceCL,Temporada de Huracanes,Fernanda Melchor,Ciencia Ficcion,10
OctaH,The Pillars of the Earth,Ken Follett,Cuento,10
pabs,1984,George Orwell,Novela,3
laz38,Fenomenología del espíritu,Hegel ,Ciencia Ficcion,9
kikin01,The Classical Theory of Fields,Landau,Autobiografía,8
MrBruce,Una educación,Tara Westlover,Teatro,10
pabs,Enders Game,Orson,Ficción Doméstica,10
LaCams12,Ser y tiempo,Martin Heidegger,Ciencia Ficcion,1
MarceCL,The Lord of the Rings The Two Towers,Tolkien,Novela,2
Dafelicioso,The masque of the red death,Edgar Allan Poe,Ciencia Ficcion,8
ferA99,The Physician,Noah Gordon,Cuento,9
ferS00,Dune,Frank Herbert,Realismo mágico,10
laz38,The Lord of the Rings The Two Towers,Tolkien,Novela,9
kikin01,The Second Coming of Gluttony,Ro Yu-jin,Novela,5
MarceCL,To Kill A Mockingbird,Harper Lee,Novela Realista,5
Arielin98,Un mundo feliz,Aldous Huxley,Novela,8
Dafelicioso,Lazarillo de Tormes,Anonimo,Novela,2
ferS00,Neverwhere,Neil Gaiman,Ciencia Ficcion,6
ferS00,The Classical Theory of Fields,Landau,Ciencia Ficcion,10
Dafelicioso,Ulises,James Joyce,Novela,4
guillexus,Un hogar solido ,Elena Garro,Novela,6
kikin01,1Q84,Murakami,Novela,1
lucluc,Bajo la rueda ,Hermann Hesse,Ciencia Ficcion,10
edu18,El coronel no tiene quien le escriba,Gabriel Garcia,Cuento,10
Dafelicioso,"Erecciones, eyaculaciones, exhibiciones",Charles Bukowski,Thriller histórico,10
lucluc,The catcher in the rye,Salinger,Novela,8
MrBruce,Travesuras de la niña mala,Mario Vargas,Novela,10
MrBruce,Ulises,James Joyce,Novela,8
Arielin98,Valis,K. Dick,Novela,4
kikin01,Crónicas marcianas,Ray Bradbury,Cuento,10
MrBruce,Harry Potter,J. K. Rowling,Thriller,10
guillexus,On the road,Jack Kerouac,Novela,10
pabs,Amor en tiempos de Colera,Gabriel Garcia,Cuento,10
kikin01,Valis,K. Dick,Novela,8
Alex_27,The Lord of the Rings The Return of the King,Tolkien,Cuento,8
Yeu,The catcher in the rye,Salinger,Cuento,10
LaCams12,The Second Coming of Gluttony,Ro Yu-jin,Ficción Distópica,10
MarceCL,Othello,William Shakespeare,Ensayo,2
lucluc,Testimonios sobre Mariana,Elena Garro,Cuento,9
oguh,The Second Coming of Gluttony,Ro Yu-jin,Divulgación,5
Alex_27,The Handmaid's Tale,Margaret Artwood,Autoayuda,8
MarceCL,La semana de colores,Elena Garro,Fantasia,10
Arielin98,1984,George Orwell,Xianxia,10
ferS00,El Periquillo de Sarniento,Lizardi,Novela,10
Dafelicioso,La semana de colores,Elena Garro,Teatro,8
Arielin98,One Shot,Lee Child,Tragedia,8
Dafelicioso,The Lord of the Rings The Two Towers,Tolkien,Novela,10
laz38,Farenheit 451,Ray Bradbury,Ciencia Ficcion,10
MrBruce,La Historia del Rey Transparente,Rosa Montero,Novela,5
Arielin98,El asesinato de pitágoras,Marcos Chicot,Novela,10
edu18,The Lord of the Rings The Return of the King,Tolkien,Ciencia Ficcion,5
OctaH,The catcher in the rye,Salinger,Cuento,9
lucluc,El Periquillo de Sarniento,Lizardi,Cuento,4
laz38,La Dama de las Camelias,Alexandre Dumas,Misterio,2
pabs,The fall of the house of usher,Edgar Allan Poe,Novela,8
edgy,Una educación,Tara Westlover,Novela Filosófica,8
guillexus,La casa de Bernarda Alba,Garcia Lorca,Realismo mágico,8
LaCams12,El asesinato de pitágoras,Marcos Chicot,Académico,4
edgy,The Lord of the Rings The Fellowship of the Ring,Tolkien,Fantasia Oscura,5
ferA99,The Lord of the Rings The Two Towers,Tolkien,Novela,10
edgy,The Pillars of the Earth,Ken Follett,Suspenso,10
Alex_27,Un mundo feliz,Aldous Huxley,Teatro,10
Alex_27,La guerra de los mundos,H. G. Wells,Novela,1
edu18,Los Hermanos Karamazov,Dostoyevski,Novela,9
edu18,Modern Quantum Mechanics,Sakurai,Académico,9
Alex_27,El Aleph,Jorge Luis Borges,Novela,10
Alex_27,La semana de colores,Elena Garro,Ensayo,10
guillexus,The Lord of the Rings The Fellowship of the Ring,Tolkien,Novela ,10
Dafelicioso,To Kill A Mockingbird,Harper Lee,Académico,10
OctaH,Una educación,Tara Westlover,Novela,10
oguh,Crónicas marcianas,Ray Bradbury,Realismo mágico,10
kikin01,La cancion de Aquiles,Madeline Miller,Novela,8
guillexus,La semana de colores,Elena Garro,Académico,3
guillexus,Temporada de Huracanes,Fernanda Melchor,Cuento,7
lucluc,The Pillars of the Earth,Ken Follett,Ficción Distópica,2
ferS00,The Sirens of Titan,Kurt Vonnegut,Novela,8
laz38,Un mundo feliz,Aldous Huxley,Fantasia,10
pabs,1Q84,Murakami,Fantasia,10
kikin01,El Tapiz Amarillo,Charlotte Perkins Gilman,Fantasia,7
ferA99,Farenheit 451,Ray Bradbury,Cuento,4
guillexus,Quantum Mechanics: Non-Relativistic Theory,,Novela,10
lucluc,Travesuras de la niña mala,Mario Vargas,Novela ,7
MrBruce,La maquina del tiempo,H. G. Wells,Wuxia,10
oguh,La semana de colores,Elena Garro,Ciencia Ficcion,4
guillexus,Spivak-Calulus,Spivak,Cuento,9
guillexus,Doña Perfecta,Benito Perez,Ficción Doméstica,10
LaCams12,Do androids dream of electric sheep?,Philip Dick,Novela,10
Yeu,Solo quedó nuestra historia,Adam Silvera,Novela,8
lucluc,Solo quedó nuestra historia,Adam Silvera,Teatro,7
OctaH,Spivak-Calulus,Spivak,Ciencia Ficcion,6
pabs,Exhalation,Ted Chiang,Autobiografía,9
laz38,The fall of the house of usher,Edgar Allan Poe,Ciencia Ficcion,10
ferA99,Solo quedó nuestra historia,Adam Silvera,Ciencia Ficcion,8
laz38,La guerra de los mundos,H. G. Wells,Cuento,2
ferA99,Drácula,Bram Stoker,Realismo mágico,10
edgy,El perfume,Patrick Süskind,Novela,9
lucluc,On the road,Jack Kerouac,Novela,10
edu18,Drácula,Bram Stoker,Novela Realista,9
MarceCL,La cancion de Aquiles,Madeline Miller,Novela,9
MrBruce,El señor de las moscas,Willian Golding,Novela,9
Yeu,Exhalation,Ted Chiang,Ciencia Ficcion,10
OctaH,La casa de Bernarda Alba,Garcia Lorca,Ciencia Ficcion,3
lucluc,To Kill A Mockingbird,Harper Lee,Novela,10
Arielin98,The Physician,Noah Gordon,Novela,9
guillexus,La Dama de las Camelias,Alexandre Dumas,Novela,1